Year,T2M,RH2M,PRECTOTCORR,District_Name,NDVI,Yield,Temp_Anomaly,Rain_Anomaly,Humidity_Anomaly,Climate_Anomaly_Score,Previous_Year_Yield,Rolling_Temp_Avg,Rolling_Rainfall_Avg,District_Encoded
2016,26.95371584699453,42.14685792349727,771.76,agra,0.3497214099001204,2.7699190524469337,1.1315112896486568,-186.41407917383822,-10.90761457224103,13.90326665362807,3.30971253270213,26.672501759113707,680.5550000000001,0
2017,27.21909589041096,39.36076712328767,454.06,agra,0.2979693280227822,3.153938122551968,1.396891333065085,-504.1140791738382,-13.69370537245063,20.131737497254097,2.7699190524469337,26.854699802879455,605.0566666666667,0
2018,26.341506849315067,46.32767123287671,857.98,agra,0.387408251976401,3.292996430384928,0.5193022919691934,-100.19407917383819,-6.726801262861592,8.248044346569166,3.153938122551968,26.838106195573516,694.6,0
2019,26.030219178082195,50.75860273972602,698.9,agra,0.30523449826497,3.1829989646759,0.20801462073632138,-259.27407917383823,-2.29586975601228,5.096625168486984,3.292996430384928,26.530273972602743,670.3133333333334,0
2020,26.19669398907104,46.16226775956284,510.4,agra,0.3369986341476467,3.7034802885033167,0.37448943172516636,-447.77407917383823,-6.892204736175465,11.744434959639014,3.1829989646759,26.18947333882277,689.0933333333332,0
2021,25.944027397260275,51.01701369863014,852.21,agra,0.3551242317746722,3.896999814574448,0.12182283991440102,-105.96407917383817,-2.0374587971081652,3.2189224287609477,3.7034802885033167,26.05698018813784,687.1700000000001,0
2022,26.235726027397263,52.31093150684932,775.58,agra,0.3932389768939214,3.831965542038268,0.4135214700513892,-182.59407917383817,-0.7435409888889808,2.9830032506787516,3.896999814574448,26.12548247124286,712.73,0
2023,25.90109589041096,51.30161643835616,687.78,agra,0.3736934364512257,3.705999697748224,0.07889133306508711,-270.39407917383824,-1.7528560573821395,4.535688182185609,3.831965542038268,26.026949771689498,771.8566666666667,0
2024,25.917786885245903,53.58273224043715,1016.9,agra,0.3606172723032653,2.411001499603046,0.09558232790002918,58.72592082616177,0.5282597446988504,1.2111012808604973,3.705999697748224,26.018202934351375,826.7533333333334,0
2016,26.455519125683058,40.8746174863388,686.07,aligarh,0.3411655105199218,2.855999173828318,0.6333145683371839,-272.10407917383816,-12.179855009399503,15.534210369475069,3.045002254063123,26.14997874092372,658.7550000000001,1
2017,26.212246575342466,42.043506849315065,589.0600000000001,aligarh,0.3374491118298999,3.2169997721958,0.390042017996592,-369.11407917383815,-11.010965646423237,15.09214845615821,2.855999173828318,26.17073468572997,635.5233333333334,1
2018,25.771424657534247,46.9992602739726,782.17,aligarh,0.4130934496700231,3.3869999412293907,-0.05077989981162645,-176.00407917383825,-6.0552122217657,7.866032913315709,3.2169997721958,26.14639678618659,685.7666666666668,1
2019,25.70991780821918,49.25805479452055,601.42,aligarh,0.3463360329415405,3.193001708532402,-0.11228674912669234,-356.75407917383825,-3.796417701217756,7.476245242082831,3.3869999412293907,25.89786301369863,657.55,1
2020,25.511803278688525,47.73060109289618,555.76,aligarh,0.3907261289624492,3.5450004282964174,-0.31040127865734846,-402.4140791738382,-5.323871402842123,9.658413473237854,3.193001708532402,25.664381914813987,646.4499999999999,1
2021,24.974438356164384,53.848821917808216,971.42,aligarh,0.3905748945624361,3.7659994490864017,-0.8477662011814893,13.24592082616175,0.7943494220699137,1.7745748315130205,3.5450004282964174,25.398719814357364,709.5333333333333,1
2022,25.69690410958904,53.55534246575343,749.94,aligarh,0.4154560407030517,3.465000412136976,-0.12530044775683535,-208.23407917383815,0.500869970015124,2.7085112095103407,3.7659994490864017,25.394381914813987,759.04,1
2023,25.133397260273973,53.60934246575342,782.89,aligarh,0.4412468684469182,3.601001380449112,-0.6888072970719001,-175.28407917383822,0.554869970015119,2.9965180588254015,3.465000412136976,25.268246575342463,834.75,1
2024,25.653797814207653,51.65967213114754,817.63,aligarh,0.3861236342318626,2.448001719913825,-0.16840674313822035,-140.5440791738382,-1.3948003645907647,2.968647899467367,3.601001380449112,25.49469972802355,783.4866666666667,1
2016,26.439262295081967,52.39251366120219,1054.17,ambedkar nagar,0.426523415968687,2.959996865913325,0.6170577377360935,95.99592082616186,-0.6619588345361151,2.2389757805338273,2.977000078408824,26.563137996856053,920.425,2
2017,26.49353424657534,53.75783561643836,1037.41,ambedkar nagar,0.3828148310960647,3.243998581943413,0.6713296892294665,79.23592082616187,0.703363120700061,2.1670520181911463,2.959996865913325,26.539936746762482,959.4200000000001,2
2018,26.11802739726028,52.51901369863013,1016.98,ambedkar nagar,0.4032558635431197,3.312999932782147,0.2958228399144076,58.80592082616181,-0.5354587971081699,1.4193408452841956,3.243998581943413,26.350274646305863,1036.1866666666667,2
2019,25.829342465753424,59.243013698630136,1204.39,ambedkar nagar,0.394999387927938,3.1300026675156825,0.007137908407550242,246.2159208261619,6.188541202891834,8.657838319561003,3.312999932782147,26.14696803652968,1086.26,2
2020,24.654972677595627,64.13775956284152,1253.38,ambedkar nagar,0.4169893565444862,3.3520012684095555,-1.167231879750247,295.2059208261619,11.083287067103221,15.202578155115088,3.1300026675156825,25.534114180203108,1158.25,2
2021,25.138794520547943,61.91372602739725,1552.06,ambedkar nagar,0.4284799872227513,3.3569987966713555,-0.6834100367979303,593.8859208261617,8.85925353165895,15.4815227767185,3.3520012684095555,25.207703221299,1336.6100000000001,2
2022,25.537589041095888,61.74783561643835,982.42,ambedkar nagar,0.4090372882819127,3.341996703193461,-0.2846155162499855,24.24592082616175,8.693363120700049,9.220437845211652,3.3569987966713555,25.110452079746484,1262.6200000000001,2
2023,26.074273972602743,56.29917808219178,893.6,ambedkar nagar,0.4068235169186462,3.4439996959947305,0.25206941525686943,-64.57407917383819,3.2447055864534775,4.1425157934487284,3.341996703193461,25.583552511415522,1142.6933333333334,2
2024,26.24344262295082,56.2529781420765,1019.74,ambedkar nagar,0.4122020653596012,2.297000774154881,0.42123806560494614,61.5659208261618,3.198505646338198,4.235402920204763,3.4439996959947305,25.951768545549815,965.2533333333334,2
2016,27.092185792349728,43.94827868852459,707.34,auraiya,0.3602149067622758,3.138002920696734,1.2699812350038542,-250.83407917383818,-9.106193807213714,12.88451583395595,2.924995087014433,26.84202440302418,677.73,3
2017,27.379534246575343,41.67816438356164,532.12,auraiya,0.3463937831404,3.0560042339243187,1.5573296892294692,-426.0540791738382,-11.376308112176659,17.19417859314451,3.138002920696734,27.021194350874566,629.1933333333333,3
2018,26.617232876712333,47.38183561643835,901.09,auraiya,0.4241117204941609,3.537995465959112,0.7950283193664589,-57.08407917383818,-5.672636879299951,7.038505990404792,3.0560042339243187,27.029650971879136,713.5166666666668,3
2019,25.92583561643836,54.11734246575342,844.85,auraiya,0.3393675404797026,2.8730007329390856,0.1036310590924856,-113.32407917383819,1.0628699700151145,2.299741820845982,3.537995465959112,26.640867579908676,759.3533333333334,3
2020,25.928825136612023,50.64256830601093,684.09,auraiya,0.4047858820802457,3.7509987478385294,0.1066205792661492,-274.0840791738382,-2.411904189727373,5.259365560731904,2.8730007329390856,26.157297876587574,810.0100000000001,3
2021,26.030054794520545,51.732164383561646,885.86,auraiya,0.410526867712608,3.8480016546181575,0.20785023717467155,-72.3140791738382,-1.322308112176657,2.2532991410897103,3.7509987478385294,25.961571849190307,804.9333333333334,3
2022,26.07180821917808,54.85586301369863,950.33,auraiya,0.4241495755688659,3.627995831886072,0.24960366183220728,-7.844079173838168,1.8013905179603285,2.1294349715309173,3.8480016546181575,26.010229383436883,840.0933333333334,3
2023,25.99284931506849,52.7465205479452,735.4,auraiya,0.4402984989963551,3.813998505088449,0.17064475772261645,-222.77407917383823,-0.3079519477931001,2.706337497254099,3.627995831886072,26.031570776255705,857.1966666666667,3
2024,26.093743169398905,54.27352459016394,930.87,auraiya,0.3977472245431392,2.264996501854496,0.27153861205303187,-27.304079173838204,1.219052094425635,1.7636314982170487,3.813998505088449,26.05280023454849,872.1999999999999,3
2016,26.432650273224045,53.77877049180328,1006.81,azamgarh,0.3915406827596206,2.448998125014119,0.6104457158781713,48.63592082616174,0.7242979960649762,1.821102920204765,2.397999261321154,26.651873081817502,860.22,4
2017,26.62315068493151,53.30945205479452,867.65,azamgarh,0.383046281860554,2.5939997991783774,0.800946127585636,-90.52407917383823,0.25497955905621694,1.9611664783802354,2.448998125014119,26.64229894952217,862.6966666666667,4
2018,26.463150684931502,50.792630136986304,841.05,azamgarh,0.3373946452195279,2.7300002157823187,0.6409461275856287,-117.12407917383825,-2.2618423587519985,4.07402927807601,2.5939997991783774,26.506317214362355,905.17,4
2019,26.047589041095893,58.28934246575343,1098.19,azamgarh,0.3462773583728076,2.586992091628034,0.22538448375001963,140.01592082616185,5.234869970015126,6.8604136620267635,2.7300002157823187,26.37796347031964,935.63,4
2020,24.74530054644809,64.11562841530055,1099.37,azamgarh,0.3893196893380513,2.7970014657399407,-1.0769040108977848,141.19592082616168,11.061155919562246,13.550019138721648,2.586992091628034,25.752013424158495,1012.8699999999999,4
2021,25.28416438356164,61.07717808219178,1269.2,azamgarh,0.4192567289241015,2.892001697895822,-0.538040173784232,311.02592082616184,8.022705586453476,11.671004968499327,2.7970014657399407,25.35901799036854,1155.5866666666666,4
2022,25.789917808219176,59.68279452054795,886.4,azamgarh,0.3836561317855203,2.943001400144257,-0.0322867491266976,-71.77407917383823,6.628322024809648,7.378349565674728,2.892001697895822,25.273127579409636,1084.99,4
2023,26.32180821917808,54.67276712328768,802.06,azamgarh,0.4070397339504129,3.094998492224185,0.4996036618322073,-156.11407917383826,1.6182946275493748,3.6790390811199645,2.943001400144257,25.7986301369863,985.8866666666668,4
2024,26.39584699453552,55.61032786885246,910.36,azamgarh,0.4007007605454424,2.1180006314140805,0.5736424371896476,-47.814079173838195,2.555855373114156,3.6076386020421856,3.094998492224185,26.16919100731093,866.2733333333332,4
2017,25.61068493150685,43.31172602739726,655.45,baghpat,0.5164060573237972,3.3649967354285413,-0.21151962583902417,-302.72407917383816,-9.74274646834104,12.981506885918446,4.026993517304899,25.835957219851785,656.9300000000001,5
2018,25.093342465753423,48.15739726027397,840.51,baghpat,0.4735574622956608,3.795998291085161,-0.7288620915924504,-117.66407917383822,-4.897075235464335,6.802578118795168,3.3649967354285413,25.588418968485666,718.1233333333333,5
2019,25.157232876712328,50.07378082191781,639.66,baghpat,0.4199309728253074,3.6310005886865153,-0.6649716806335455,-318.51407917383824,-2.9806916738204947,6.830804146192422,3.795998291085161,25.287086757990867,711.8733333333333,5
2020,24.59549180327869,51.44505464480874,745.8100000000001,baghpat,0.4549125960499733,4.119005423983674,-1.226712754067183,-212.36407917383815,-1.6094178509295602,4.959771396735125,3.6310005886865153,24.948689048581482,741.9933333333333,5
2021,24.41156164383561,54.71969863013698,1124.21,baghpat,0.4327772994683186,4.240008739508038,-1.4106429135102623,166.03592082616183,1.6652261343986794,4.73622825617056,4.119005423983674,24.721428774608878,836.5600000000001,5
2022,25.049561643835617,55.78082191780822,857.4,baghpat,0.4235427314189928,4.445995755612644,-0.772642913510257,-100.77407917383823,2.726349422069916,4.506733127318555,4.240008739508038,24.68553836364997,909.14,5
2023,24.28490410958904,57.17380821917808,1007.27,baghpat,0.4724484965993077,4.501996494841635,-1.5373004477568344,49.09592082616177,4.119335723439775,6.147595379458227,4.445995755612644,24.582009132420087,996.2933333333334,5
2024,25.159726775956283,52.668907103825134,927.64,baghpat,0.4598645781766189,3.389994589581079,-0.6624777813895903,-30.534079173838222,-0.3855653919131683,1.3533839650411408,4.501996494841635,24.831397509793646,930.7700000000001,5
2016,26.12726775956284,51.41265027322404,1371.07,bahraich,0.4064156742709723,2.644931982558292,0.30506320221696726,412.8959208261617,-1.6418222225142642,6.075844632992848,2.404234073593776,25.98864757841156,1242.17,6
2017,26.042410958904107,54.00405479452055,1365.72,bahraich,0.3835976816284275,2.748001131869361,0.220206401558233,407.5459208261618,0.9495822987822464,5.2452479086020976,2.644931982558292,26.00656870524241,1283.3533333333332,6
2018,25.53030136986301,54.49030136986301,1565.04,bahraich,0.3995389712182723,2.8308959186428475,-0.2919031874828626,606.8659208261618,1.4358288741247094,7.79639126986919,2.748001131869361,25.899993362776655,1433.9433333333334,6
2019,25.23506849315068,59.99158904109589,1508.35,bahraich,0.4093154193608956,2.599928883018916,-0.5871360641951924,550.1759208261617,6.93711654535759,13.0260118178144,2.8308959186428475,25.602593607305934,1479.7033333333336,6
2020,24.510027322404373,61.70521857923497,1371.43,bahraich,0.4134616055210718,2.9049410851354227,-1.312177234941501,413.25592082616186,8.65074608349667,14.09548252669979,2.599928883018916,25.091799061806018,1481.6066666666666,6
2021,24.755260273972603,61.77501369863014,2020.49,bahraich,0.3957841146790182,3.0668411239409896,-1.066944283373271,1062.3159208261618,8.720541202891837,20.410644694526727,2.9049410851354227,24.83345202984255,1633.4233333333334,6
2022,25.11791780821918,63.33704109589041,1290.7,bahraich,0.3952588268604903,2.8449982204516933,-0.7042867491266946,332.52592082616184,10.28256860015211,14.312114557540424,3.0668411239409896,24.79440180153205,1560.8733333333332,6
2023,25.368136986301373,59.445068493150686,1211.82,bahraich,0.4115030951758475,3.2339972948978435,-0.4540675710445008,253.64592082616173,6.390595997412383,9.3811227767185,2.8449982204516933,25.080438356164382,1507.67,6
2024,25.665300546448087,57.65103825136612,1437.91,bahraich,0.3831231777017019,2.375998553040123,-0.1569040108977866,479.7359208261619,4.5965657556278146,9.550828974787219,3.2339972948978435,25.383785113656213,1313.4766666666667,6
2017,26.983561643835618,52.90794520547946,803.98,ballia,0.3736042298968742,2.599528848835332,1.161357086489744,-154.1940791738382,-0.14652729025884526,2.849825168486971,2.4709933294764648,26.897217980387754,815.38,7
2018,26.838739726027395,48.8801095890411,660.22,ballia,0.2888769092260841,2.709148784073589,1.0165351686815214,-297.9540791738382,-4.174362906697205,8.170438867117108,2.599528848835332,26.8777252289343,763.66,7
2019,26.42446575342466,57.11005479452054,911.46,ballia,0.3207800228471408,2.536929590716638,0.6022611960787856,-46.71407917383817,4.055582298782241,5.124984286599409,2.709148784073589,26.748922374429224,791.8866666666667,7
2020,24.90688524590164,65.38863387978142,1288.91,ballia,0.3610735458123184,2.9344372149326645,-0.9153193114442324,330.7359208261619,12.33416138404312,16.556839903748973,2.536929590716638,26.056696908451233,953.5300000000001,7
2021,25.346027397260272,63.11539726027397,1317.04,ballia,0.3786517496883748,3.2462262864361646,-0.4761771600856015,358.86592082616176,10.06092476453567,14.12576113288289,2.9344372149326645,25.55912613219552,1172.47,7
2022,25.993397260273973,60.06021917808219,754.01,ballia,0.3593652028900492,3.377683919294786,0.1711927029280993,-204.16407917383822,7.00574668234389,9.218580177010372,3.2462262864361646,25.415436634478628,1119.9866666666667,7
2023,26.833534246575343,53.59509589041096,685.71,ballia,0.3677623304415319,2.871646078296255,1.0113296892294699,-272.4640791738382,0.5406233946726573,4.2765938756405095,3.377683919294786,26.057652968036532,918.9200000000001,7
2024,26.782814207650272,54.87904371584699,796.71,ballia,0.3587134903424618,2.269085678425621,0.9606096503043986,-161.46407917383817,1.8245712201086874,4.399821662151468,2.871646078296255,26.536581904833195,745.4766666666668,7
2016,26.12726775956284,51.41265027322404,1371.07,balrampur,0.431719248589876,2.435944791243428,0.30506320221696726,412.8959208261617,-1.6418222225142642,6.075844632992848,2.216004322247569,25.98864757841156,1242.17,8
2017,26.042410958904107,54.00405479452055,1365.72,balrampur,0.405329274964939,3.501815514836724,0.220206401558233,407.5459208261618,0.9495822987822464,5.2452479086020976,2.435944791243428,26.00656870524241,1283.3533333333332,8
2018,25.53030136986301,54.49030136986301,1565.04,balrampur,0.4347223635106229,2.7900017061934825,-0.2919031874828626,606.8659208261618,1.4358288741247094,7.79639126986919,3.501815514836724,25.899993362776655,1433.9433333333334,8
2019,25.23506849315068,59.99158904109589,1508.35,balrampur,0.4419758367226269,2.889001687908217,-0.5871360641951924,550.1759208261617,6.93711654535759,13.0260118178144,2.7900017061934825,25.602593607305934,1479.7033333333336,8
2020,24.510027322404373,61.70521857923497,1371.43,balrampur,0.4593842467934032,2.838978244868902,-1.312177234941501,413.25592082616186,8.65074608349667,14.09548252669979,2.889001687908217,25.091799061806018,1481.6066666666666,8
2021,24.755260273972603,61.77501369863014,2020.49,balrampur,0.4203803295620392,2.881950282214483,-1.066944283373271,1062.3159208261618,8.720541202891837,20.410644694526727,2.838978244868902,24.83345202984255,1633.4233333333334,8
2022,25.11791780821918,63.33704109589041,1290.7,balrampur,0.4380627302775467,2.7150046683214537,-0.7042867491266946,332.52592082616184,10.28256860015211,14.312114557540424,2.881950282214483,24.79440180153205,1560.8733333333332,8
2023,25.368136986301373,59.445068493150686,1211.82,balrampur,0.4314723079391956,2.7593716862626287,-0.4540675710445008,253.64592082616173,6.390595997412383,9.3811227767185,2.7150046683214537,25.080438356164382,1507.67,8
2024,25.665300546448087,57.65103825136612,1437.91,balrampur,0.4194400222509797,2.101998980564236,-0.1569040108977866,479.7359208261619,4.5965657556278146,9.550828974787219,2.7593716862626287,25.383785113656213,1313.4766666666667,8
2016,26.73549180327869,51.99743169398907,1134.11,banda,0.3840862349409589,1.4664495267766526,0.9132872459328176,175.9359208261617,-1.0570408017492312,3.7296872559436656,1.4024967681233698,26.951581518077706,903.8599999999999,9
2017,27.34309589041096,46.83923287671233,648.28,banda,0.3975526557556259,1.3314989138305575,1.5208913330650873,-309.89407917383824,-6.215239619025972,10.835071743829442,1.4664495267766526,27.082086308855455,818.6666666666666,9
2018,27.13709589041096,47.84156164383561,899.24,banda,0.3854697158252807,1.809562104026517,1.3148913330650878,-58.9340791738382,-5.212910851902691,7.117142976706161,1.3314989138305575,27.07189452803354,893.8766666666667,9
2019,26.22619178082192,56.15506849315068,1065.48,banda,0.3472135135223537,1.6758514304314291,0.4039872234760473,107.30592082616181,3.100595997412377,4.577642429150043,1.809562104026517,26.902127853881282,871.0,9
2020,25.35379781420765,59.39620218579235,962.82,banda,0.4034377082314636,1.8146554091158704,-0.4684067431382246,4.645920826161841,6.341729690054045,6.856595641453888,1.6758514304314291,26.23902849514684,975.8466666666668,9
2021,26.162328767123288,54.08542465753425,965.37,banda,0.4122007946021617,2.085174106965602,0.3401242097774144,7.195920826161796,1.0309521617959447,1.443035579834977,1.8146554091158704,25.91410612071762,997.89,9
2022,26.34219178082192,55.66865753424658,916.89,banda,0.4204078331145853,2.230928827404994,0.519987223476047,-41.28407917383822,2.6141850385082748,3.5470130537227043,2.085174106965602,25.952772787384287,948.3600000000001,9
2023,26.26572602739726,54.396,859.81,banda,0.4080488769230991,1.9005577057873404,0.44352147005138676,-98.36407917383826,1.3415275042616983,2.7686897660514678,2.230928827404994,26.25674885844749,914.0233333333334,9
2024,26.645327868852466,53.76106557377049,773.41,banda,0.3947631407853593,0.9096590459615536,0.8231233115065919,-184.76407917383824,0.706593078032185,3.3773571812771594,1.9005577057873404,26.41774855902388,850.0366666666667,9
2016,25.7488524590164,47.53765027322404,1068.98,bareilly,0.3688039644028889,2.8500010162188527,-0.07335209832947243,110.80592082616181,-5.516822222514264,6.698233529105355,2.5350010910738963,25.44626184594656,1111.585,10
2017,25.761561643835616,49.2612602739726,938.75,bareilly,0.3780776046367756,2.8229987684729063,-0.0606429135102573,-19.42407917383821,-3.7932122217656996,4.048095927014339,2.8500010162188527,25.551361778576247,1053.9733333333334,10
2018,25.26605479452055,52.4834794520548,1265.42,bareilly,0.4123761565448094,2.98599782490484,-0.5561497628253242,307.24592082616186,-0.5709930436835009,4.199602014770443,2.8229987684729063,25.592156299124188,1091.05,10
2019,25.132986301369865,55.17087671232876,951.35,bareilly,0.406464817652169,2.794997859382121,-0.6892182559760087,-6.824079173838186,2.1164042165904604,2.873863264304851,2.98599782490484,25.386867579908678,1051.84,10
2020,24.51969945355191,55.86904371584699,1010.58,bareilly,0.4044451894364155,2.9140020811857874,-1.302505103793962,52.40592082616183,2.8145712201086894,4.64113553216427,2.794997859382121,24.972913516480777,1075.7833333333335,10
2021,24.6233698630137,56.84180821917808,1218.28,bareilly,0.4179693101123183,3.252998172304149,-1.1988346943321737,260.10592082616176,3.7873357234397744,7.587229626033565,2.9140020811857874,24.75868520597849,1060.07,10
2022,25.25246575342465,58.35572602739726,902.82,bareilly,0.4214699737641622,3.069997953714009,-0.5697388039212221,-55.35407917383816,5.301253531658958,6.424533127318561,3.252998172304149,24.798511689996754,1043.8933333333334,10
2023,24.77364383561644,58.31295890410959,1061.8,bareilly,0.449430787179517,3.1509987602975285,-1.0485607217294337,103.62592082616175,5.25848640837129,7.343306338362341,3.069997953714009,24.883159817351597,1060.9666666666667,10
2024,25.333743169398907,55.50437158469945,1072.45,bareilly,0.3611886915947893,1.857999604888099,-0.48846138794696614,114.27592082616184,2.4498990889611463,4.081119685169731,3.1509987602975285,25.11995091948,1012.3566666666666,10
2016,26.23068306010929,51.96762295081968,1134.04,basti,0.4108999997014337,2.368999623951656,0.40847850276341546,175.86592082616176,-1.0868495449186213,3.2539872559436542,2.290000197118133,26.314547009506697,969.8199999999999,11
2017,26.177890410958906,54.499890410958905,1168.61,basti,0.3696873441092965,2.420004799930183,0.35568585361303207,210.4359208261617,1.4454179152206024,3.9054629770952514,2.368999623951656,26.26899480999077,1036.0833333333333,11
2018,25.78649315068493,54.17115068493151,1389.7,basti,0.3921330381111095,2.7769990726870675,-0.03571140666094408,431.52592082616184,1.116678189193209,5.467648804115772,2.420004799930183,26.065022207251044,1230.7833333333333,11
2019,25.521890410958903,60.08019178082192,1356.82,basti,0.3865784710665821,2.4620029057880863,-0.3003141463869703,398.6459208261617,7.025719285083618,11.312492639732206,2.7769990726870675,25.828757990867583,1305.0433333333333,11
2020,24.68524590163934,62.09101092896175,1112.57,basti,0.4157050477508759,2.765999411754529,-1.1369586557065325,154.39592082616173,9.036538433223448,11.717456297191598,2.4620029057880863,25.33120982109439,1286.3633333333335,11
2021,25.06419178082192,61.04534246575342,1514.49,basti,0.4203996565940133,3.149003545244897,-0.7580127765239553,556.3159208261618,7.990869970015119,14.312041954800693,2.765999411754529,25.09044269780672,1327.96,11
2022,25.348000000000003,62.64189041095891,1069.36,basti,0.4075606097487278,2.9130025785101754,-0.4742045573458711,111.18592082616169,9.587417915220605,11.173481680828093,3.149003545244897,25.032479227487087,1232.14,11
2023,25.598657534246577,58.631589041095886,988.34,basti,0.4072533934171372,3.2179983701998607,-0.22354702309929664,30.165920826161823,5.577116545357583,6.102322776718498,2.9130025785101754,25.3369497716895,1190.73,11
2024,25.853360655737703,57.765109289617484,1293.25,basti,0.4057631940299845,2.1220011702750146,0.03115609839182909,335.0759208261618,4.710636793879182,8.092552100532629,3.2179983701998607,25.600006063328095,1116.9833333333333,11
2016,25.949562841530057,41.78819672131147,665.98,bijnor,0.4362500741682622,2.953002333028768,0.12735828418418293,-292.1940791738382,-11.26627577442683,14.315574850349396,2.737997452132413,25.364027996107495,795.75,12
2017,25.52284931506849,46.28857534246576,723.78,bijnor,0.4510266693800766,2.925000459668671,-0.2993552422773824,-234.39407917383824,-6.76589715327254,9.409193187288306,2.953002333028768,25.41696843576116,771.7599999999999,12
2018,24.7642191780822,51.57986301369864,983.42,bijnor,0.4686990793626652,2.986988612780394,-1.0579853792636733,25.24592082616175,-1.4746094820396607,2.7850540695649517,2.925000459668671,25.412210444893585,791.06,12
2019,24.96668493150685,51.37413698630137,722.76,bijnor,0.4560247479766235,2.8609996798312523,-0.8555196258390225,-235.41407917383822,-1.6803355094369294,4.8899959270143345,2.986988612780394,25.084584474885848,809.9866666666667,12
2020,24.17314207650273,54.17751366120219,911.61,bijnor,0.4909051985597007,3.047998927997141,-1.649062480843142,-46.564079173838195,1.1230411654638885,3.2377444380454126,2.8609996798312523,24.634682062030592,872.5966666666667,12
2021,24.34019178082192,55.328136986301374,1212.97,bijnor,0.4697268443486939,3.2020032014635262,-1.482012776523952,254.79592082616182,2.273664490563071,6.303636475348641,3.047998927997141,24.493339596277167,949.1133333333333,12
2022,24.619671232876712,60.20627397260274,1108.46,bijnor,0.4721437804934117,3.1929979007245888,-1.2025333244691616,150.28592082616183,7.151801476864435,9.857194009595215,3.2020032014635262,24.377668363400456,1077.68,12
2023,24.264712328767125,58.99679452054795,1107.65,bijnor,0.4891233770969786,3.303997837180224,-1.5574922285787487,149.47592082616188,5.942322024809648,8.994573461650017,3.1929979007245888,24.40819178082192,1143.0266666666666,12
2024,25.15445355191257,54.14871584699453,981.02,bijnor,0.4475738996013114,2.7029995195277645,-0.6677510054333027,22.845920826161773,1.0942433512562246,1.990453564951145,3.303997837180224,24.67961237118547,1065.71,12
2016,26.24983606557377,40.51040983606557,668.91,bulandshahr,0.3870012687758983,3.77099818430432,0.427631508227897,-289.26407917383824,-12.544062659672733,15.864334959639013,3.3379991484843545,25.871274197170447,693.88,13
2017,25.852520547945204,43.75534246575343,670.1,bulandshahr,0.4058987443030153,3.570998101213572,0.030315990599330433,-288.0740791738382,-9.299130029984873,12.210186812322586,3.77099818430432,25.865022980762035,685.9533333333334,13
2018,25.42608219178082,48.26841095890411,840.16,bulandshahr,0.4272017601133139,3.957000788463006,-0.3961223655650521,-118.01407917383824,-4.78606153683419,6.362324694137624,3.570998101213572,25.842812935099932,726.39,13
2019,25.482876712328768,50.03180821917808,626.41,bulandshahr,0.3973788691611282,3.710001586172668,-0.339327845017106,-331.76407917383824,-3.0226642765602207,6.679632913315709,3.957000788463006,25.5871598173516,712.2233333333334,13
2020,25.10092896174864,49.78718579234973,648.65,bulandshahr,0.418934988918234,3.94700190206941,-0.7212755955972341,-309.52407917383823,-3.267286703388571,7.083803090724187,3.710001586172668,25.33662928861941,705.0733333333334,13
2021,24.604273972602737,55.21109589041096,1101.64,bulandshahr,0.4211263522015529,4.215998421707591,-1.2179305847431365,143.4659208261619,2.156623394672657,4.809213187677413,3.94700190206941,25.062693215560046,792.2333333333332,13
2022,25.33117808219178,55.377972602739725,810.64,bulandshahr,0.4271524153164164,4.029998350039187,-0.4910264751540936,-147.53407917383822,2.323500107001422,4.289867373893898,4.215998421707591,25.012127005514387,853.6433333333334,13
2023,24.81158904109589,55.13805479452055,865.59,bulandshahr,0.4565620537225436,4.121000460077795,-1.0106155162499846,-92.58407917383818,2.0835822987822468,4.020038606770613,4.029998350039187,24.915680365296804,925.9566666666666,13
2024,25.48284153005464,51.8353825136612,836.47,bulandshahr,0.4196682217030829,2.7310018971256755,-0.3393630272912347,-121.70407917383818,-1.2190899820771008,2.7754938011067174,4.121000460077795,25.20853621778077,837.5666666666666,13
2017,27.14452054794521,51.194,765.5,chandauli,0.3945250759639797,2.2586134881280056,1.3223159905993356,-192.6740791738382,-1.8604724957382999,5.1095292780760175,2.2627240813901026,26.953626394191183,902.375,14
2018,27.03956164383562,48.42309589041096,761.7,chandauli,0.3744493135644913,2.324995100921027,1.217357086489745,-196.47407917383816,-4.63137660532734,7.813474483555466,2.2586134881280056,26.982271477405998,855.4833333333332,14
2019,26.474246575342463,56.47682191780822,1059.67,chandauli,0.3623805748151709,2.070002571355104,0.6520420179965889,101.49592082616186,3.422349422069921,5.089350648328129,2.324995100921027,26.886109589041098,862.29,14
2020,25.216803278688527,62.67448087431694,1040.55,chandauli,0.4268250330851333,2.542543841292429,-0.6054012786573466,82.37592082616175,9.620008378578639,11.049168865497602,2.070002571355104,26.24353716595554,953.9733333333334,14
2021,25.773890410958906,58.47260273972603,1114.41,chandauli,0.4226766779077527,2.543004500721408,-0.04831414638696785,156.23592082616187,5.418130243987726,7.028803598636312,2.542543841292429,25.82164675499663,1071.5433333333333,14
2022,26.313726027397266,56.56161643835617,845.88,chandauli,0.3883355035913867,2.9900043373684,0.49152147005139213,-112.29407917383821,3.5071439426178657,5.12160620440764,2.543004500721408,25.768139905681565,1000.2800000000001,14
2023,26.70917808219178,53.26293150684932,778.13,chandauli,0.4222578180168002,2.625001221430735,0.8869735248459065,-180.0440791738382,0.2084590111110174,2.8958733276953064,2.9900043373684,26.265598173515983,912.8066666666667,14
2024,26.640054644808743,55.44133879781421,919.94,chandauli,0.4010279015284044,1.468689111897928,0.8178500874628689,-38.234079173838154,2.3868663020759087,3.5870571812771592,2.625001221430735,26.554319584799263,847.9833333333332,14
2016,26.172622950819672,53.01538251366121,1385.74,chitrakoot,0.4069142366198645,1.252945812429118,0.3504183934737988,427.5659208261618,-0.03908998207709402,4.665167583812511,1.523884327026062,26.168558050752303,1127.905,15
2017,26.639534246575344,48.62252054794521,721.95,chitrakoot,0.3952461420048993,1.1830316794512294,0.8173296892294708,-236.22407917383816,-4.431951947793095,7.6115224287609475,1.252945812429118,26.325550116026648,992.5866666666667,15
2018,26.4887397260274,48.81,919.99,chitrakoot,0.3992619135868002,1.715041878764526,0.6665351686815271,-38.1840791738382,-4.2444724957383,5.292848456158209,1.1830316794512294,26.43363230780747,1009.2266666666668,15
2019,25.667178082191786,56.50509589041096,1174.58,chitrakoot,0.3354606548357983,1.879410519835315,-0.15502647515408796,216.40592082616172,3.450623394672661,5.769709078088367,1.715041878764526,26.265150684931513,938.8400000000001,15
2020,24.6622131147541,61.631530054644806,1056.34,chitrakoot,0.4197138869258271,1.783543702357097,-1.1599914425917746,98.16592082616171,8.577057558906503,10.718708209759896,1.879410519835315,25.606043640991093,1050.3033333333335,15
2021,25.532520547945207,55.09054794520548,1008.07,chitrakoot,0.4063964166742925,2.5036757892135664,-0.2896840094006663,49.89592082616184,2.0360754494671767,2.8247186671294613,1.783543702357097,25.287303914963697,1079.6633333333334,15
2022,25.756520547945204,56.10863013698631,973.73,chitrakoot,0.4325208440482211,2.405396936574936,-0.06568400940066965,15.55592082616181,3.054157641248004,3.2754008589102916,2.5036757892135664,25.3170847368815,1012.7133333333335,15
2023,25.61906849315068,55.75454794520548,887.69,chitrakoot,0.4053806699478316,1.955828736136828,-0.20313606419519203,-70.48407917383815,2.700075449467178,3.6080523054007516,2.405396936574936,25.636036529680364,956.4966666666668,15
2024,25.82614754098361,56.50800546448088,1022.67,chitrakoot,0.393286014215155,1.1170091743119266,0.0039429836377351535,64.49592082616175,3.4535329687425786,4.102435160641932,1.955828736136828,25.733912194026498,961.3633333333333,15
2016,26.54737704918033,52.60284153005464,1009.15,deoria,0.3355414816906041,2.50960227092518,0.7251724918344564,50.97592082616177,-0.45163096568366257,1.6865626657797366,2.1850012219367367,26.550099483494275,943.735,16
2017,26.595013698630137,54.14520547945205,1038.58,deoria,0.3879401802165035,2.754001039586354,0.772809141284263,80.40592082616172,1.0907329837137496,2.66760133325963,2.50960227092518,26.565070888539562,975.35,16
2018,26.23767123287672,51.91775342465753,926.39,deoria,0.3104562877258149,2.7169967593292537,0.4154666755308476,-31.784079173838222,-1.136719071080769,1.870026538349999,2.754001039586354,26.460020660229063,991.3733333333333,16
2019,25.93219178082192,59.19986301369863,1161.81,deoria,0.3508518006450722,2.5400028479017065,0.10998722347604684,203.63592082616174,6.14539051796033,8.291736949697993,2.7169967593292537,26.25495890410959,1042.26,16
2020,24.662814207650275,65.39084699453552,1409.14,deoria,0.3693939623395904,2.964998890241524,-1.1593903496955988,450.9659208261619,12.33637449879722,18.005424056754435,2.5400028479017065,25.610892407116307,1165.78,16
2021,25.163698630136988,63.12956164383562,1677.42,deoria,0.4359101765157684,3.0830027525906734,-0.6585059272088856,719.2459208261619,10.07508914809732,17.926054283567822,2.964998890241524,25.252901539536396,1416.1233333333337,16
2022,25.49558904109589,62.83728767123288,979.8,deoria,0.4006041523337521,3.1070006933922287,-0.32661551624998353,21.625920826161746,9.782815175494576,10.325689900006177,3.0830027525906734,25.107367292961055,1355.4533333333336,16
2023,26.24805479452055,56.371534246575344,866.68,deoria,0.3890378150110359,3.0241417922385385,0.4258502371746751,-91.49407917383826,3.3170617508370412,4.657852779750099,3.1070006933922287,25.63578082191781,1174.6333333333334,16
2024,26.352650273224043,56.53948087431694,1010.87,deoria,0.3582695993306967,1.8770058992295544,0.5304457158781695,52.695920826161796,3.485008378578641,4.542413302718428,3.0241417922385385,26.03209803628016,952.4500000000002,16
2016,26.60068306010929,42.69412568306011,778.01,etah,0.3581209991129395,2.8319989805603405,0.7784785027634165,-180.16407917383822,-10.360346812678195,12.940466107179994,2.765001982534356,26.361601804027245,715.835,17
2017,26.661753424657537,41.96320547945206,551.27,etah,0.3418905607712162,2.8119983100971693,0.8395488673116631,-406.9040791738382,-11.091267016286245,15.999856675336291,2.8319989805603405,26.461652344237347,660.98,17
2018,26.03575342465753,47.619506849315066,851.48,etah,0.4415334341210911,3.215001466525997,0.2135488673116548,-106.69407917383819,-5.434965646423237,6.715455305473274,2.8119983100971693,26.432729969808122,726.9200000000001,17
2019,25.839424657534245,50.6465205479452,668.82,etah,0.3585058589214485,3.0369972753657524,0.01722010018837139,-289.35407917383816,-2.4079519477931015,5.318712839719854,3.215001466525997,26.17897716894977,690.5233333333332,17
2020,25.79860655737705,47.5094262295082,536.34,etah,0.3743914052883771,3.239001171646163,-0.023597999968824723,-421.8340791738382,-5.545046266230102,9.786985057937308,3.0369972753657524,25.89126154652294,685.5466666666666,17
2021,25.49219178082192,51.888027397260274,837.47,etah,0.4062986393179619,3.508996746563973,-0.33001277652395444,-120.70407917383818,-1.1664450984780288,2.703498666740365,3.239001171646163,25.710074331911073,680.8766666666667,17
2022,25.888794520547943,53.50441095890411,775.38,etah,0.4382449329011782,3.386997017462865,0.06658996320206967,-182.7940791738382,0.44993846316580743,2.3444692181062594,3.508996746563973,25.72653095291564,716.3966666666666,17
2023,25.46145205479452,53.236273972602746,765.9,etah,0.4356763251227623,3.6160035195514064,-0.36075250255135316,-192.27407917383823,0.18180147686444315,2.465294771154179,3.386997017462865,25.61414611872146,792.9166666666666,17
2024,25.73226775956284,52.99877049180328,878.86,etah,0.3983396967431801,1.9800005987844675,-0.08993679778303232,-79.3140791738382,-0.05570200393502489,0.9387795934564391,3.6160035195514064,25.694171444968436,806.7133333333335,17
2016,26.90254098360656,42.884590163934426,764.4,etawah,0.3742764332026687,3.2270041429897445,1.0803364262606863,-193.77407917383823,-10.169882331803876,13.187959549802944,3.056003146244171,26.634147204132045,704.035,18
2017,27.12312328767124,40.95868493150685,516.1,etawah,0.3449992518519691,2.7809949814531967,1.3009187303253675,-442.0740791738382,-12.09578756423145,17.8174470862952,3.2270041429897445,26.797139231978445,641.39,18
2018,26.3394794520548,47.14824657534247,871.02,etawah,0.4447487188928193,3.482995016149387,0.5172748947089261,-87.15407917383823,-5.906225920395833,7.295041606843142,2.7809949814531967,26.78838124111087,717.1733333333333,18
2019,25.91838356164384,51.97983561643836,744.72,etawah,0.3613322333932003,2.913645690834473,0.09617900429796578,-213.45407917383818,-1.0746368792999448,3.3053566753362924,3.482995016149387,26.460328767123297,710.6133333333333,18
2020,26.02295081967213,47.61412568306011,558.77,etawah,0.4086388694763815,3.5219999156687467,0.20074626232625548,-399.4040791738382,-5.440346812678193,9.63513386674283,2.913645690834473,26.09360461112359,724.8366666666667,18
2021,25.921726027397263,50.87495890410959,809.54,etawah,0.4184598459186674,3.848176528568249,0.09952147005138912,-148.63407917383824,-2.1795135916287123,3.765375853418484,3.5219999156687467,25.954353469571075,704.3433333333334,18
2022,26.068821917808226,53.40246575342466,824.64,etawah,0.4400417566411002,3.913634665670527,0.24661736046235205,-133.53407917383822,0.3479932576863547,1.929951409887089,3.848176528568249,26.004499588292543,730.9833333333332,18
2023,25.78490410958904,52.43624657534247,730.08,etawah,0.4764539106386012,3.733828888520789,-0.03730044775683439,-228.09407917383817,-0.6182259203958296,2.9364671598910457,3.913634665670527,25.92515068493151,788.0866666666666,18
2024,25.83516393442623,54.18412568306011,989.29,etawah,0.4250862134173014,1.706001655629139,0.01295937708035666,31.115920826161755,1.1296531873218072,1.4537717726637813,3.733828888520789,25.896296653941164,848.0033333333332,18
2016,26.162240437158463,51.97808743169399,1179.0,faizabad,0.4105377430148609,2.685005133925742,0.3400358798125893,220.8259208261618,-1.0763850640443096,3.6246801521185166,2.6110038736786816,26.22918871172992,1034.145,19
2017,26.092767123287672,54.17931506849315,1215.03,faizabad,0.3976286142122325,2.757994497867293,0.2705625659417983,256.85592082616176,1.1248425727548508,3.963964346958267,2.685005133925742,26.183714848915837,1094.4399999999998,19
2018,25.728328767123287,54.381205479452056,1335.41,faizabad,0.4107036542355252,2.81900073220548,-0.09387579022258663,377.2359208261619,1.3267329837137538,5.19296798219796,2.757994497867293,25.99444544252314,1243.1466666666668,19
2019,25.393342465753424,60.21857534246575,1361.31,faizabad,0.4050413020208175,2.6150000462907244,-0.4288620915924497,403.13592082616174,7.164102846727445,11.624324146581511,2.81900073220548,25.73814611872146,1303.9166666666667,19
2020,24.467868852459016,62.85377049180328,1277.64,faizabad,0.4371426742943781,2.81900120237538,-1.3543357048868572,319.4659208261619,9.799297996064979,14.348292909213455,2.6150000462907244,25.196513361778575,1324.7866666666669,19
2021,24.86128767123288,61.50972602739726,1737.46,faizabad,0.4457677428573026,2.9619988442805645,-0.9609168861129938,779.2859208261618,8.455253531658954,17.209029626033566,2.81900120237538,24.907499663148442,1458.8033333333333,19
2022,25.255616438356164,62.386986301369866,1107.98,faizabad,0.4327292442676971,2.9589991764673225,-0.56658811898971,149.8059208261618,9.332513805631564,11.397161132882893,2.9619988442805645,24.861590987349356,1374.36,19
2023,25.463808219178084,58.87441095890411,1039.27,faizabad,0.4353845939412345,2.467002144860584,-0.3583963381677897,81.09592082616177,5.819938463165805,6.989294009595213,2.9589991764673225,25.193570776255708,1294.9033333333334,19
2024,25.710956284153003,57.96928961748633,1290.59,faizabad,0.4097927739743057,2.0600030835925667,-0.11124827319287078,332.4159208261617,4.91481712174803,8.350224603202518,2.467002144860584,25.476793647229083,1145.9466666666665,19
2016,26.51084699453552,44.2429781420765,802.6,farrukhabad,0.3610834643710451,3.2590033767077804,0.688642437189646,-155.5740791738382,-8.8114943536618,11.055877582589828,3.123362031622265,26.26391664795269,788.575,20
2017,26.590438356164384,44.03372602739726,636.06,farrukhabad,0.3859322597628927,3.1678710156517766,0.7682337988185104,-322.11407917383826,-9.020746468341045,13.010121058897937,3.2590033767077804,26.37275721735659,737.7366666666667,20
2018,26.003945205479454,48.994109589041095,931.13,farrukhabad,0.4307564311019444,3.4364413309982487,0.18174064813358015,-27.044079173838213,-4.060362906697208,4.51254434656917,3.1678710156517766,26.368410185393117,789.93,20
2019,25.66854794520548,52.86882191780822,762.67,farrukhabad,0.3780509870731931,3.462561473990441,-0.15365661214039505,-195.50407917383825,-0.18565057793008322,2.294347981808861,3.4364413309982487,26.087643835616444,776.62,20
2020,25.497131147540987,50.33975409836065,665.77,farrukhabad,0.3664871989856752,3.5846860476209947,-0.32507340980488664,-292.4040791738382,-2.714718397377652,5.963832598920921,3.462561473990441,25.72320809940864,786.5233333333334,20
2021,25.48638356164384,52.359808219178085,840.22,farrukhabad,0.3712886397807017,3.794994696634041,-0.33582099570203283,-117.95407917383818,-0.6946642765602178,2.2100260640006324,3.5846860476209947,25.550687551463437,756.2199999999999,20
2022,25.826876712328765,54.394027397260274,865.68,farrukhabad,0.4149526237921926,3.614171243598928,0.004672154982891641,-92.49407917383826,1.3395549015219714,2.269167848243246,3.794994696634041,25.6034638071712,790.5566666666667,20
2023,25.52342465753425,53.52279452054795,782.2,farrukhabad,0.4236210805644624,3.483292863175676,-0.298779899811624,-175.97407917383816,0.4683220248096447,2.52684271635965,3.614171243598928,25.612228310502285,829.3666666666667,20
2024,25.722978142076503,53.57407103825137,887.46,farrukhabad,0.4071632192743162,2.340419732897247,-0.0992264152693707,-70.71407917383817,0.5195985425130658,1.3259657495208184,3.483292863175676,25.691093170646507,845.1133333333333,20
2016,26.65262295081968,49.60368852459017,916.29,fatehpur,0.4021214729318234,2.4716102040261894,0.8304183934738063,-41.884079173838245,-3.450783971148134,4.700043156360323,2.1587569228308463,26.923845721985185,727.74,21
2017,27.08109589041096,46.63531506849315,696.32,fatehpur,0.3675737003362292,2.5752611977192577,1.2588913330650868,-261.85407917383816,-6.419157427245153,10.296589552048621,2.4716102040261894,26.976262444793775,717.2666666666668,21
2018,26.734657534246573,48.89802739726027,977.85,fatehpur,0.4286188824745671,2.9000382799540643,0.912452976900699,19.675920826161814,-4.156445098478031,5.265657283640348,2.5752611977192577,26.822792125159072,863.4866666666667,21
2019,25.8407397260274,57.00561643835616,1030.1,fatehpur,0.3801300744923904,2.738950207879628,0.01853516868152738,71.9259208261617,3.951143942617854,4.688938319560998,2.9000382799540643,26.552164383561646,901.4233333333333,21
2020,25.11956284153005,58.71377049180328,919.9,fatehpur,0.4032540154560518,3.27305233304402,-0.7026417158158225,-38.27407917383823,5.6592979960649785,6.7446805036191835,2.738950207879628,25.89832003393467,975.9499999999999,21
2021,25.78684931506849,55.01523287671233,1007.78,fatehpur,0.4138544273708618,3.275170005730862,-0.03535524227738307,49.605920826161764,1.9607603809740297,2.4921748315130303,3.27305233304402,25.582383960875315,985.9266666666666,21
2022,25.992246575342467,56.90380821917808,945.98,fatehpur,0.4049460396153863,3.284437049232193,0.17004201799659313,-12.19407917383819,3.849335723439779,4.141318533174754,3.275170005730862,25.632886243980334,957.8866666666667,21
2023,25.90504109589041,55.29835616438356,854.68,fatehpur,0.4280138323810348,3.4157910726671368,0.08283653854453732,-103.49407917383826,2.2438836686452603,3.3616609989281803,3.284437049232193,25.894712328767124,936.1466666666665,21
2024,26.519016393442627,52.53073770491803,678.63,fatehpur,0.4127200652087198,1.959505526669192,0.696811836096753,-279.5440791738382,-0.5237347908202707,4.015987418655406,3.4157910726671368,26.1387680215585,826.43,21
2016,26.95371584699453,42.14685792349727,771.76,firozabad,0.3450308265630288,2.934998055821629,1.1315112896486568,-186.41407917383822,-10.90761457224103,13.90326665362807,3.101995698494473,26.672501759113707,680.5550000000001,22
2017,27.21909589041096,39.36076712328767,454.06,firozabad,0.3001237746495388,3.283995793901157,1.396891333065085,-504.1140791738382,-13.69370537245063,20.131737497254097,2.934998055821629,26.854699802879455,605.0566666666667,22
2018,26.341506849315067,46.32767123287671,857.98,firozabad,0.409990181991244,3.454635287703596,0.5193022919691934,-100.19407917383819,-6.726801262861592,8.248044346569166,3.283995793901157,26.838106195573516,694.6,22
2019,26.030219178082195,50.75860273972602,698.9,firozabad,0.3279396946468663,3.3640008320883528,0.20801462073632138,-259.27407917383823,-2.29586975601228,5.096625168486984,3.454635287703596,26.530273972602743,670.3133333333334,22
2020,26.19669398907104,46.16226775956284,510.4,firozabad,0.3618078437313156,3.644998477989768,0.37448943172516636,-447.77407917383823,-6.892204736175465,11.744434959639014,3.3640008320883528,26.18947333882277,689.0933333333332,22
2021,25.944027397260275,51.01701369863014,852.21,firozabad,0.3758796565227816,3.611001361744568,0.12182283991440102,-105.96407917383817,-2.0374587971081652,3.2189224287609477,3.644998477989768,26.05698018813784,687.1700000000001,22
2022,26.235726027397263,52.31093150684932,775.58,firozabad,0.4062239604031697,3.706999135661018,0.4135214700513892,-182.59407917383817,-0.7435409888889808,2.9830032506787516,3.611001361744568,26.12548247124286,712.73,22
2023,25.90109589041096,51.30161643835616,687.78,firozabad,0.3973781708041048,3.60999761764188,0.07889133306508711,-270.39407917383824,-1.7528560573821395,4.535688182185609,3.706999135661018,26.026949771689498,771.8566666666667,22
2024,25.917786885245903,53.58273224043715,1016.9,firozabad,0.3808259515039687,1.9240006546376989,0.09558232790002918,58.72592082616177,0.5282597446988504,1.2111012808604973,3.60999761764188,26.018202934351375,826.7533333333334,22
2017,25.820602739726027,42.58397260273973,672.17,gautam buddha nagar,0.3264279411687927,3.1699981318886605,-0.0016018176198464573,-286.00407917383825,-10.470499892998575,13.332142502356804,2.87900423931406,26.044235796092522,674.99,23
2018,25.449698630136982,47.00134246575343,846.08,gautam buddha nagar,0.3213522653255725,3.4769945501652817,-0.3725059272088913,-112.09407917383817,-6.053130029984871,7.546576748932144,3.1699981318886605,25.846056740774006,732.02,23
2019,25.46860273972603,49.101452054794514,618.71,gautam buddha nagar,0.3020919267327377,3.579008746355685,-0.3536018176198432,-339.4640791738382,-3.9530204409437886,7.701263050302014,3.4769945501652817,25.579634703196348,712.32,23
2020,25.123087431693985,48.92838797814208,621.07,gautam buddha nagar,0.3469610477019191,3.731001313314166,-0.6991171256518882,-337.10407917383816,-4.126084517596226,8.196242434986496,3.579008746355685,25.347129600518997,695.2866666666667,23
2021,24.724986301369864,53.762356164383554,1045.35,gautam buddha nagar,0.3304034605648568,3.752002786485545,-1.09721825597601,87.1759208261617,0.7078836686452519,2.6768611328828786,3.731001313314166,25.105558824263294,761.71,23
2022,25.48632876712329,53.74156164383561,791.64,gautam buddha nagar,0.3367034330790669,3.8879914660164574,-0.33587579022258396,-166.53407917383822,0.6870891480973071,2.688305730058273,3.752002786485545,25.11146750006238,819.3533333333334,23
2023,24.726027397260275,54.88117808219178,895.14,gautam buddha nagar,0.3869784233270422,4.177996965098634,-1.096177160085599,-63.03407917383822,1.8267055864534782,3.5532235382774595,3.8879914660164574,24.979114155251143,910.71,23
2024,25.51030054644809,50.99784153005464,828.14,gautam buddha nagar,0.3431975059753844,2.146008193445244,-0.3119040108977842,-130.03407917383822,-2.0566309656836594,3.668875768319826,4.177996965098634,25.240885570277214,838.3066666666667,23
2016,26.267868852459017,39.78062841530054,677.8100000000001,ghaziabad,0.3630056598924622,4.014004315445117,0.44566429511314354,-280.36407917383815,-13.273844080437762,16.523149167289287,3.523001458305714,25.805372782393892,724.7,24
2017,25.820602739726027,42.58397260273973,672.17,ghaziabad,0.4133410350762896,3.590995480846391,-0.0016018176198464573,-286.00407917383825,-10.470499892998575,13.332142502356804,4.014004315445117,25.81044943483794,707.19,24
2018,25.449698630136982,47.00134246575343,846.08,ghaziabad,0.4140043423014963,4.025998966928467,-0.3725059272088913,-112.09407917383817,-6.053130029984871,7.546576748932144,3.590995480846391,25.846056740774006,732.02,24
2019,25.46860273972603,49.101452054794514,618.71,ghaziabad,0.3815805584314694,3.5210001183105257,-0.3536018176198432,-339.4640791738382,-3.9530204409437886,7.701263050302014,4.025998966928467,25.579634703196348,712.32,24
2020,25.123087431693985,48.92838797814208,621.07,ghaziabad,0.4131130684894347,4.160994970135178,-0.6991171256518882,-337.10407917383816,-4.126084517596226,8.196242434986496,3.5210001183105257,25.347129600518997,695.2866666666667,24
2021,24.724986301369864,53.762356164383554,1045.35,ghaziabad,0.40088523392968,4.36600389450398,-1.09721825597601,87.1759208261617,0.7078836686452519,2.6768611328828786,4.160994970135178,25.105558824263294,761.71,24
2022,25.48632876712329,53.74156164383561,791.64,ghaziabad,0.3954901174696524,4.377014914797889,-0.33587579022258396,-166.53407917383822,0.6870891480973071,2.688305730058273,4.36600389450398,25.11146750006238,819.3533333333334,24
2023,24.726027397260275,54.88117808219178,895.14,ghaziabad,0.4488849328305674,4.109004402783696,-1.096177160085599,-63.03407917383822,1.8267055864534782,3.5532235382774595,4.377014914797889,24.979114155251143,910.71,24
2024,25.51030054644809,50.99784153005464,828.14,ghaziabad,0.4122512052432835,3.2550058229084486,-0.3119040108977842,-130.03407917383822,-2.0566309656836594,3.668875768319826,4.109004402783696,25.240885570277214,838.3066666666667,24
2017,27.21457534246576,51.31950684931507,705.17,ghazipur,0.3912733845448654,2.420552723370003,1.392370785119887,-253.00407917383825,-1.734965646423234,5.657377223281504,2.426890039012016,27.012670184894084,852.025,25
2018,27.026520547945207,48.461698630136986,718.22,ghazipur,0.3119862731944504,2.659756146680246,1.2043159905993335,-239.95407917383818,-4.592773865601316,8.196630647939031,2.420552723370003,27.01728697257779,807.4233333333333,25
2019,26.613890410958906,55.924684931506846,897.95,ghazipur,0.3332803006120328,2.32676610816768,0.791685853613032,-60.22407917383816,2.8702124357685435,4.264139081119957,2.659756146680246,26.951662100456627,773.7800000000001,25
2020,25.31210382513661,62.39516393442623,1068.44,ghazipur,0.3864325418151723,2.699365110886567,-0.5101007322092634,110.26592082616185,9.340691438687927,10.953451379158809,2.32676610816768,26.317504928013573,894.87,25
2021,25.73816438356165,59.73734246575343,1147.52,ghazipur,0.4135783865863451,2.8112219537851555,-0.08404017378422424,189.34592082616177,6.682869970015126,8.660369352060968,2.699365110886567,25.888052873219056,1037.97,25
2022,26.42657534246576,56.25580821917808,731.51,ghazipur,0.3608972789428268,2.873456578012966,0.6043707851198867,-226.66407917383822,3.201335723439776,6.072347300298045,2.8112219537851555,25.825614517054674,982.4900000000001,25
2023,26.97646575342466,51.90734246575342,677.39,ghazipur,0.4194956414759143,2.6258216501953573,1.1542611960787852,-280.7840791738382,-1.1471300299848792,5.1092320178020465,2.873456578012966,26.38040182648402,852.14,25
2024,26.739043715847,55.388715846994536,890.49,ghazipur,0.3813863262657159,1.7657711647232734,0.9168391585011264,-67.6840791738382,2.3342433512562337,3.927923301495742,2.6258216501953573,26.71402827057914,766.4633333333333,25
2016,26.162240437158463,51.97808743169399,1179.0,gonda,0.3942508570524013,2.735839304742884,0.3400358798125893,220.8259208261618,-1.0763850640443096,3.6246801521185166,2.4910029489482493,26.22918871172992,1034.145,26
2017,26.092767123287672,54.17931506849315,1215.03,gonda,0.3919785797260113,2.7779466869357656,0.2705625659417983,256.85592082616176,1.1248425727548508,3.963964346958267,2.735839304742884,26.183714848915837,1094.4399999999998,26
2018,25.728328767123287,54.381205479452056,1335.41,gonda,0.3984369786355213,2.912997156681121,-0.09387579022258663,377.2359208261619,1.3267329837137538,5.19296798219796,2.7779466869357656,25.99444544252314,1243.1466666666668,26
2019,25.393342465753424,60.21857534246575,1361.31,gonda,0.4060401580538662,2.720001255571599,-0.4288620915924497,403.13592082616174,7.164102846727445,11.624324146581511,2.912997156681121,25.73814611872146,1303.9166666666667,26
2020,24.467868852459016,62.85377049180328,1277.64,gonda,0.4322135396210657,2.930998493853548,-1.3543357048868572,319.4659208261619,9.799297996064979,14.348292909213455,2.720001255571599,25.196513361778575,1324.7866666666669,26
2021,24.86128767123288,61.50972602739726,1737.46,gonda,0.4334426105974828,3.0050026411459467,-0.9609168861129938,779.2859208261618,8.455253531658954,17.209029626033566,2.930998493853548,24.907499663148442,1458.8033333333333,26
2022,25.255616438356164,62.386986301369866,1107.98,gonda,0.4237587199545409,2.91399982028472,-0.56658811898971,149.8059208261618,9.332513805631564,11.397161132882893,3.0050026411459467,24.861590987349356,1374.36,26
2023,25.463808219178084,58.87441095890411,1039.27,gonda,0.43081351956974,2.981001715847779,-0.3583963381677897,81.09592082616177,5.819938463165805,6.989294009595213,2.91399982028472,25.193570776255708,1294.9033333333334,26
2024,25.710956284153003,57.96928961748633,1290.59,gonda,0.4029323775382753,2.5929995483579584,-0.11124827319287078,332.4159208261617,4.91481712174803,8.350224603202518,2.981001715847779,25.476793647229083,1145.9466666666665,26
2016,26.222185792349727,53.080327868852464,1222.27,gorakhpur,0.3250379790908773,2.5250021703272854,0.3999812350038532,264.0959208261618,0.02585537311416175,3.0667958163796327,2.1919994450728875,26.203394266037876,1094.425,27
2017,26.26983561643836,55.223780821917806,1256.5,gorakhpur,0.3473212621026037,2.748600238963989,0.4476310590924868,298.3259208261618,2.169308326179504,5.600198593533609,2.5250021703272854,26.225541382838035,1148.45,27
2018,25.722246575342467,54.67616438356164,1278.4,gorakhpur,0.3116398460956097,2.7208088680307068,-0.09995798200340644,320.2259208261619,1.6216918878233386,4.923909078088364,2.748600238963989,26.071422661376854,1252.39,27
2019,25.606493150684933,60.19619178082192,1372.43,gorakhpur,0.3347533457031634,2.6495235477852765,-0.21571140666094024,414.25592082616186,7.141719285083617,11.499989900006177,2.7208088680307068,25.86619178082192,1302.4433333333334,27
2020,24.576256830601093,64.36901639344262,1437.66,gorakhpur,0.3606513141020365,2.9267456391838107,-1.245947726744781,479.4859208261619,11.314543897704318,17.35535083271072,2.6495235477852765,25.301665518876167,1362.8300000000002,27
2021,25.015424657534243,62.97808219178082,1938.02,gorakhpur,0.4149822942625143,3.0610006455094765,-0.8067798998116302,979.8459208261618,9.923609696042519,20.528848804115768,2.9267456391838107,25.066058212940092,1582.7033333333336,27
2022,25.33835616438356,63.89945205479452,1148.68,gorakhpur,0.3974038037688536,3.114002491340752,-0.4838483929623152,190.50592082616186,10.84497955905622,13.233887160280155,3.0610006455094765,24.976679217506298,1508.12,27
2023,25.73312328767124,59.07391780821918,1079.09,gorakhpur,0.3696466712496428,3.247012391294079,-0.08908126967463303,120.91592082616171,6.019445312480876,7.317685790417126,3.114002491340752,25.362301369863015,1388.5966666666666,27
2024,25.95161202185793,58.2107650273224,1308.87,gorakhpur,0.3580617321819517,1.7419985597670398,0.12940746451205598,350.6959208261617,5.1562925315841,8.792659204357772,3.247012391294079,25.674363824637577,1178.8799999999999,27
2016,26.98273224043716,47.25775956284153,830.68,hamirpur,0.339039237029877,2.0435884685821013,1.160527683091285,-127.49407917383826,-5.796712932896774,8.232181407726442,2.332065246409312,27.063064750355565,683.995,28
2017,27.66082191780822,42.35449315068493,518.64,hamirpur,0.3356778683596803,1.8559492083398648,1.8386173604623472,-439.5340791738382,-10.699979345053372,16.9339374972541,2.0435884685821013,27.26231713950645,628.8766666666667,28
2018,26.969780821917805,47.27339726027397,894.86,hamirpur,0.3616394746908387,2.4716809139893856,1.1475762645719314,-63.314079173838195,-5.7810752354643355,7.561792291774649,1.8559492083398648,27.204444993387728,748.0600000000001,28
2019,26.03528767123288,55.54238356164384,934.18,hamirpur,0.3214300162956284,2.5231134824911448,0.21308311388700574,-23.99407917383826,2.4879110659055357,2.940934971530924,2.4716809139893856,26.888630136986304,782.56,28
2020,25.72204918032787,54.55420765027323,816.15,hamirpur,0.3522520806135915,2.6721225529773203,-0.10015537701800525,-142.02407917383823,1.4997351545349247,3.020131323291312,2.5231134824911448,26.242372557826183,881.73,28
2021,26.059753424657533,53.40638356164384,980.67,hamirpur,0.3508825121199039,2.90634057772868,0.23754886731165925,22.49592082616175,0.35191106590554,0.8144191414788168,2.6721225529773203,25.93903009207276,910.3333333333334,28
2022,26.196958904109582,55.75071232876712,962.99,hamirpur,0.4147548849374636,2.8484893953168164,0.37475434676370867,4.8159208261618005,2.6962398330288195,3.119153388054146,2.90634057772868,25.99292050303166,919.9366666666666,28
2023,26.129150684931503,53.78715068493151,790.98,hamirpur,0.3710879204961296,2.682901200750806,0.3069461275856291,-167.1940791738382,0.7326781891932086,2.7115651085172194,2.8484893953168164,26.128621004566202,911.5466666666666,28
2024,26.43360655737705,53.63781420765027,802.48,hamirpur,0.3746223492888423,1.5176344977896217,0.6114020000311768,-155.6940791738382,0.5833417119119702,2.751684503681529,2.682901200750806,26.253238715472715,852.15,28
2016,26.41710382513661,45.94229508196722,846.26,hardoi,0.3391290883905311,2.999990250750692,0.594899267790737,-111.91407917383822,-7.112177413771086,8.826217473300204,2.664001144743497,26.226099857773786,822.87,29
2017,26.4007397260274,46.81898630136986,765.68,hardoi,0.3575046204729812,2.984998901964837,0.5785351686815261,-192.49407917383826,-6.235486194368441,8.73896215478835,2.999990250750692,26.284313147191657,803.8066666666667,29
2018,25.914164383561644,50.490931506849314,1037.5,hardoi,0.4200436221977406,3.096978288351314,0.09195982621577059,79.32592082616179,-2.563540988888988,3.4487600233663764,2.984998901964837,26.24400264490855,883.1466666666666,29
2019,25.39813698630137,55.840849315068496,914.18,hardoi,0.3871831562447591,3.084993512522797,-0.4240675710445032,-43.99407917383826,2.7863768193301937,3.6503851821130793,3.096978288351314,25.90434703196347,905.7866666666667,29
2020,25.11489071038251,53.72612021857923,795.88,hardoi,0.3788252774186392,3.335508317118488,-0.7073138469633626,-162.2940791738382,0.6716477228409303,3.001902361542675,3.084993512522797,25.475730693415176,915.8533333333335,29
2021,25.42046575342465,53.47495890410959,878.85,hardoi,0.415027469025786,3.5864395720327225,-0.40173880392122285,-79.32407917383819,0.42048640837128914,1.615466004030894,3.335508317118488,25.31116448336951,862.9700000000001,29
2022,25.670164383561644,56.23402739726027,1050.11,hardoi,0.4304786200304973,3.178487747730157,-0.15204017378422918,91.93592082616169,3.1795549015219677,4.250954283567814,3.5864395720327225,25.401840282456266,908.2800000000001,29
2023,25.472739726027395,54.749232876712334,843.11,hardoi,0.4317965051210896,3.5530568447115973,-0.3494648313184783,-115.0640791738382,1.6947603809740315,3.1948660040308914,3.178487747730157,25.52112328767123,924.0233333333334,29
2024,25.677486338797813,54.4311475409836,908.71,hardoi,0.3912677841376363,2.205000705101872,-0.14471821854806066,-49.46407917383817,1.3766750452452996,2.016034055531742,3.5530568447115973,25.606796816128952,933.9766666666668,29
2016,26.72724043715847,41.30267759562842,733.47,hathras,0.3444265265721066,2.790000585445817,0.9050358798125977,-224.70407917383818,-11.751794900109886,14.903871571660865,3.1270043642426324,26.481729807620333,647.55,30
2017,26.80142465753425,39.85238356164384,476.75,hathras,0.3011863627767683,3.075003632137149,0.9792201001883747,-481.4240791738382,-13.202088934094462,18.995549826021218,2.790000585445817,26.588294757591637,590.6166666666667,30
2018,26.07939726027397,46.49961643835616,793.85,hathras,0.427839846684669,2.9109938908568203,0.2571927029280978,-164.3240791738382,-6.554856057382139,8.455289552048619,3.075003632137149,26.536020784988896,668.0233333333333,30
2019,25.97084931506849,49.12778082191781,617.45,hathras,0.3472524162054019,2.778999520910504,0.14864475772261798,-340.72407917383816,-3.9266916738204927,7.482577223281492,2.9109938908568203,26.283890410958904,629.35,30
2020,25.9636612021858,45.96516393442623,499.53,hathras,0.3930287666969596,3.030998379658482,0.14145664483992704,-458.64407917383824,-7.089308561312073,11.817205997890383,2.778999520910504,26.004635925842752,636.9433333333334,30
2021,25.47986301369863,52.082273972602735,872.91,hathras,0.3671396401850536,3.361000982488586,-0.3423415436472439,-85.26407917383824,-0.9721985231355674,2.167180858521194,3.030998379658482,25.804791176984306,663.2966666666666,30
2022,26.02172602739726,52.461726027397255,738.38,hathras,0.4104088549451105,3.585998698763825,0.19952147005138698,-219.7940791738382,-0.5927464683410477,2.9902087301308167,3.361000982488586,25.821750081093896,703.6066666666666,30
2023,25.59575342465753,51.74282191780822,705.5,hathras,0.4156264432993356,3.898999078596943,-0.22645113268834294,-252.6740791738382,-1.3116505779300809,4.0648425023568056,3.585998698763825,25.69911415525114,772.2633333333333,30
2024,25.8074043715847,52.326912568306014,884.86,hathras,0.3933433578464702,2.336998076314316,-0.014800185761174589,-73.3140791738382,-0.7275599274322886,1.4755009049318453,3.898999078596943,25.80829460787983,776.2466666666668,30
2016,27.13950819672131,45.66177595628415,765.5,jalaun,0.3389950426668581,2.8161635932831977,1.3173036393754352,-192.6740791738382,-7.39269653945415,10.636740970567967,3.074430902706053,26.926014372333256,733.14,31
2017,27.707780821917808,41.06550684931507,500.25,jalaun,0.3013621194820392,1.6855536915986966,1.8855762645719345,-457.9240791738382,-11.988965646423232,18.453782702733548,2.8161635932831977,27.18660318886144,655.51,31
2018,26.90117808219178,47.19898630136986,932.8,jalaun,0.3878102980118717,3.1567713708630656,1.0789735248459067,-25.374079173838254,-5.855486194368446,7.1882005109527345,1.6855536915986966,27.2494890336103,732.85,31
2019,26.066876712328767,54.82827397260274,892.72,jalaun,0.3152701815556671,2.795401033757332,0.24467215498289363,-65.45407917383818,1.7738014768644348,2.6730144235857103,3.1567713708630656,26.89194520547945,775.2566666666667,31
2020,26.079016393442625,51.64898907103825,708.05,jalaun,0.353311231716505,3.1958468603713865,0.25681183609675173,-250.12407917383825,-1.4054834247000514,4.163536052535186,2.795401033757332,26.349023729321058,844.5233333333332,31
2021,26.188,52.57630136986301,958.08,jalaun,0.3564626753157415,3.360087012228175,0.3657954426541252,-0.09407917383816766,-0.4781711258752921,0.844907360267799,3.1958468603713865,26.1112977019238,852.9499999999999,31
2022,26.24394520547945,55.15093150684932,959.08,jalaun,0.3946562518656502,3.211716171617162,0.42174064813357504,0.9059208261618323,2.0964590111110155,2.527258867506209,3.360087012228175,26.170320532974028,875.07,31
2023,26.133342465753422,53.351835616438365,768.77,jalaun,0.3813823448193234,2.9795661657455605,0.31113790840754874,-189.40407917383823,0.2973631207000622,2.5025418208459933,3.211716171617162,26.18842922374429,895.3100000000001,31
2024,26.25049180327869,54.88699453551912,961.44,jalaun,0.3917458182980276,1.3295020145044318,0.42828724593281464,3.265920826161846,1.8325220397808195,2.2934684939752525,2.9795661657455605,26.209259824837186,896.43,31
2016,26.682322404371583,53.76281420765027,1089.95,jaunpur,0.3930262644815182,2.683002006578267,0.8601178470257089,131.77592082616184,0.7083417119119702,2.8862187671992974,2.384001464606301,26.923421476158396,884.315,32
2017,27.05167123287672,51.0826301369863,770.73,jaunpur,0.3693877761834631,2.647002081535259,1.2294666755308477,-187.4440791738382,-1.9718423587519993,5.075749826021228,2.683002006578267,26.966171395064503,846.4533333333333,32
2018,26.93750684931507,49.206657534246574,838.65,jaunpur,0.3674897450526109,2.859000509943906,1.115302291969197,-119.52407917383823,-3.8478149614917285,6.158358045199308,2.647002081535259,26.89050016218779,899.7766666666666,32
2019,26.36668493150685,56.70446575342466,1089.74,jaunpur,0.3660599188692337,2.721001966978602,0.544480374160976,131.5659208261618,3.6499932576863543,5.510132840108948,2.859000509943906,26.78528767123288,899.7066666666666,32
2020,25.127404371584696,62.924890710382506,1033.53,jaunpur,0.3731703524465948,2.85299994236422,-0.6948001857611779,75.35592082616176,9.870418214644204,11.318777608666998,2.721001966978602,26.14386538413554,987.3066666666667,32
2021,25.84490410958904,57.22698630136986,1001.42,jaunpur,0.4149982267438311,3.1832890911389207,0.022699552243167886,43.24592082616175,4.17251380563156,4.627672566136345,2.85299994236422,25.779664470893533,1041.5633333333333,32
2022,26.27558904109589,56.38013698630137,876.37,jaunpur,0.3907219628785719,3.1129991019372496,0.4533844837500176,-81.8040791738382,3.325664490563071,4.597089766051471,3.1832890911389207,25.749299174089874,970.4399999999999,32
2023,26.48054794520548,54.51712328767123,808.39,jaunpur,0.4315839111963399,2.8619980918114027,0.6583433878596061,-149.78407917383822,1.46265079193293,3.6188349715309185,3.1129991019372496,26.20034703196347,895.3933333333333,32
2024,26.62598360655738,54.9646174863388,846.37,jaunpur,0.4128807663899104,1.9360022917711093,0.8037790492115064,-111.8040791738382,1.9101449906005001,3.8319648315503887,2.8619980918114027,26.46070686428625,843.71,32
2016,26.84142076502732,46.87308743169399,822.39,jhansi,0.3284226914105352,2.080985010327008,1.0192162076814455,-135.78407917383822,-6.1813850640443135,8.558442063464142,2.073676077547127,26.47892956059585,850.24,33
2017,27.361780821917804,41.88432876712329,542.29,jhansi,0.3089195044273398,1.896062882995258,1.5395762645719309,-415.88407917383824,-11.17014372861501,16.86856078492532,2.080985010327008,26.773213314369837,747.59,33
2018,26.71126027397261,47.25643835616438,912.16,jhansi,0.3543923148786124,2.721690208283457,0.8890557166267357,-46.01407917383824,-5.798034139573922,7.14723064793904,1.896062882995258,26.97148728697258,758.9466666666666,33
2019,25.956657534246578,54.23835616438356,824.62,jhansi,0.3317343705707173,2.4779107742671185,0.1344529769007039,-133.5540791738382,1.183883668645258,2.6538774372843443,2.721690208283457,26.676566210045664,759.6899999999999,33
2020,26.0853825136612,50.97191256830602,651.29,jhansi,0.3510634175345319,2.698650811478632,0.26317795631532803,-306.88407917383824,-2.0825599274322855,5.414578675485997,2.4779107742671185,26.251100107293464,796.0233333333332,33
2021,26.28687671232877,51.52112328767123,861.17,jhansi,0.3461126634650113,3.128604395850604,0.46467215498289605,-97.00407917383825,-1.5333492080670723,2.968062154788351,2.698650811478632,26.10963892007885,779.0266666666666,33
2022,26.140958904109592,54.84293150684932,983.01,jhansi,0.4251718351249347,2.7838376331755192,0.3187543467637184,24.835920826161782,1.7884590111110157,2.355572566136352,3.128604395850604,26.171072710033187,831.8233333333333,33
2023,25.69008219178082,55.2389589041096,892.72,jhansi,0.4058344548427178,1.5346059562927032,-0.13212236556505275,-65.45407917383818,2.184486408371299,2.9711495656747338,2.7838376331755192,26.03930593607306,912.3000000000001,33
2024,25.934890710382515,56.41655737704918,1070.03,jhansi,0.3819794758594811,1.184314560076357,0.1126861530366412,111.85592082616176,3.362084881310878,4.593330242609136,1.5346059562927032,25.921977268757644,981.92,33
2016,26.84153005464481,44.17398907103825,743.4399999999999,kannauj,0.3912713123611202,3.4888262505563272,1.0193254972989365,-214.73407917383827,-8.880483424700053,12.047149713737372,3.346788771332873,26.728080095815557,671.185,34
2017,26.80021917808219,44.8861095890411,711.8,kannauj,0.3622593505523714,3.483295818839097,0.9780146207363174,-246.37407917383825,-8.168362906697205,11.610118319171905,3.4888262505563272,26.7521264565711,684.7233333333334,34
2018,26.304356164383563,48.58917808219178,979.12,kannauj,0.4402502818063764,3.577611701702502,0.48215160703768944,20.945920826161796,-4.465294413546523,5.156905228845831,3.483295818839097,26.648701799036854,811.4533333333334,34
2019,25.608465753424657,55.34093150684931,917.13,kannauj,0.3627001540191439,3.459635218910075,-0.2137388039212169,-41.04407917383821,2.286459011111006,2.910638606770605,3.577611701702502,26.237680365296807,869.35,34
2020,25.38101092896175,52.81715846994536,782.18,kannauj,0.3943524265017439,3.570766197566116,-0.44119362838412357,-175.99407917383826,-0.2373140257929407,2.438448445915447,3.459635218910075,25.764610948923323,892.81,34
2021,25.764794520547945,51.97005479452055,851.82,kannauj,0.3758116782349747,3.737751150332618,-0.05741003679792911,-106.35407917383816,-1.0844177012177525,2.2053685297540633,3.570766197566116,25.584757067644784,850.3766666666667,34
2022,25.857150684931508,55.25649315068493,1077.51,kannauj,0.4053487417923617,3.835960345196491,0.0349461275856342,119.33592082616178,2.2020206549466295,3.4303259907938815,3.737751150332618,25.667652044813735,903.8366666666667,34
2023,25.75101369863014,53.39386301369863,795.93,kannauj,0.4263790829060273,3.8298160347561527,-0.0711908587157346,-162.24407917383826,0.33939051796032516,2.0330221684144423,3.835960345196491,25.790986301369866,908.4200000000001,34
2024,25.979508196721312,53.33010928961748,846.52,kannauj,0.4208796008707952,1.408979474741152,0.15730363937543856,-111.65407917383823,0.2756367938791797,1.5494812249930006,3.8298160347561527,25.862557526760984,906.6533333333333,34
2016,26.754890710382515,46.89322404371584,829.37,kanpur dehat,0.3651332498323387,3.4402335995157083,0.9326861530366415,-128.8040791738382,-6.161248452022463,8.381975396797486,3.058767401217332,26.8930891908077,683.105,35
2017,26.780712328767127,47.40775342465754,859.0,kanpur dehat,0.3468225615658412,3.3057301882680346,0.9585077714212531,-99.17407917383821,-5.64671907108076,7.596967634240395,3.4402335995157083,26.855630236794173,741.7366666666667,35
2018,26.43156164383561,49.60912328767124,1124.38,kanpur dehat,0.4174845232701816,3.697173586371081,0.6093570864897373,166.2059208261619,-3.4453492080670642,5.71676550281842,3.3057301882680346,26.655721560995087,937.5833333333334,35
2019,25.61068493150685,57.370794520547946,1072.93,kanpur dehat,0.3473767180788277,3.4596680170772416,-0.21151962583902417,114.75592082616186,4.316322024809644,5.675400858910287,3.697173586371081,26.274319634703193,1018.7700000000001,35
2020,25.1072131147541,57.07841530054645,909.03,kanpur dehat,0.3914846407419304,3.908462262881744,-0.7149914425917743,-49.144079173838236,4.023942804808151,5.230375039138307,3.4596680170772416,25.71648656336552,1035.4466666666667,35
2021,25.615232876712327,54.86591780821918,1049.54,kanpur dehat,0.4092987994327302,3.9605880054698175,-0.2069716806335471,91.36592082616176,1.8114453124808776,2.9320762013760424,3.908462262881744,25.444376974324427,1010.5,35
2022,25.75728767123288,57.56090410958904,1022.08,kanpur dehat,0.4124143408835323,3.6155996019240337,-0.06491688611299296,63.90592082616183,4.5064316138507365,5.210407708225348,3.9605880054698175,25.4932445542331,993.5500000000001,35
2023,25.78276712328767,55.0450410958904,862.78,kanpur dehat,0.4230866303905732,3.587727347591821,-0.03943743405820399,-95.39407917383824,1.9905686001520948,2.983946825948681,3.6155996019240337,25.71842922374429,978.1333333333332,35
2024,26.25013661202185,52.99724043715848,773.61,kanpur dehat,0.3913413730655763,1.666969689524418,0.4279320546759777,-184.5640791738382,-0.057232058579820944,2.3308049049941806,3.587727347591821,25.930063802180797,886.1566666666668,35
2016,26.699562841530053,52.575874316939895,1119.4,kaushambi,0.3999200871168109,2.1769265579609653,0.8773582841841794,161.22592082616188,-0.47859817879840705,2.968215671244205,2.0840031544784496,26.96032936597051,902.4350000000001,36
2017,27.166136986301368,48.50942465753424,737.61,kaushambi,0.3771105197318875,2.078840196864632,1.343932428955494,-220.5640791738382,-4.545047838204063,8.094621058897939,2.1769265579609653,27.028931906080796,847.4933333333333,36
2018,27.09123287671233,47.94816438356165,868.02,kaushambi,0.4246948897829798,2.6009999135521427,1.2690283193664555,-90.15407917383823,-5.106308112176656,7.276877223281494,2.078840196864632,26.985644234847914,908.3433333333334,36
2019,26.248273972602743,56.20882191780822,1083.04,kaushambi,0.3628629377819127,2.380534102803474,0.4260694152568689,124.86592082616176,3.15434942206992,4.829078045588407,2.6009999135521427,26.835214611872146,896.2233333333334,36
2020,25.258961748633883,60.33057377049181,1017.27,kaushambi,0.3956548236898719,2.693441569328788,-0.5632428087119905,59.09592082616177,7.276101274753508,8.430303291727116,2.380534102803474,26.19948953264965,989.4433333333333,36
2021,26.0846301369863,54.54616438356164,977.39,kaushambi,0.4114055189631053,2.888997561748378,0.2624255796404249,19.215920826161778,1.491691887823336,1.9462766757253789,2.693441569328788,25.863955286074304,1025.8999999999999,36
2022,26.371972602739728,55.04386301369863,882.04,kaushambi,0.4009118991981457,2.903366954406652,0.5497680453938543,-76.13407917383824,1.9893905179603308,3.3004993550925676,2.888997561748378,25.905188162786633,958.9,36
2023,26.4013698630137,53.55276712328767,824.13,kaushambi,0.4085713113316279,2.4304041148426103,0.579165305667825,-134.0440791738382,0.49829462754937026,2.4179007249555773,2.903366954406652,26.28599086757991,894.52,36
2024,26.68729508196721,53.41131147540984,800.82,kaushambi,0.4027015259531182,1.5299935103411304,0.865090524621337,-157.35407917383816,0.35683897967153655,2.7954702960312554,2.4304041148426103,26.486879182573546,835.6633333333334,36
2016,25.907349726775955,49.75131147540984,1229.85,lalitpur,0.3555450829921469,1.8649996379023164,0.08514516943008132,271.6759208261617,-3.30316102032846,6.105065398020159,1.627978165471476,25.57840089078524,1124.5,37
2017,26.31797260273973,44.898219178082186,650.54,lalitpur,0.3558714807092986,1.5789963571004446,0.49576804539385577,-307.63407917383824,-8.156253317656116,11.728362154788353,1.8649996379023164,25.82492479477007,966.5133333333333,37
2018,26.0225205479452,46.95561643835616,825.78,lalitpur,0.3807561995083345,2.091103878491999,0.20031599059932503,-132.39407917383824,-6.098856057382143,7.62311283971985,1.5789963571004446,26.082614292486962,902.0566666666667,37
2019,25.29027397260274,54.82128767123288,1277.87,lalitpur,0.3699296334353656,2.394002795379906,-0.531930584743133,319.6959208261617,1.7668151754945782,5.495704968499329,2.091103878491999,25.876922374429224,918.0633333333332,37
2020,24.982677595628417,56.22489071038252,785.14,lalitpur,0.3638717107922132,2.3567498706158685,-0.839526961717457,-173.03407917383822,3.170418214644215,5.740285968100054,2.394002795379906,25.431824038725452,962.93,37
2021,25.476931506849315,54.00745205479453,1009.51,lalitpur,0.3869649335602978,2.6049977243932743,-0.34527305049655865,51.33592082616178,0.9529795590562244,1.811611817814401,2.3567498706158685,25.249961025026824,1024.1733333333334,37
2022,25.35983561643836,56.122054794520544,1313.06,lalitpur,0.4169440353524744,2.680963554270381,-0.46236894090751335,354.88592082616174,3.0675822987822414,7.078810447951373,2.6049977243932743,25.273148239638697,1035.9033333333334,37
2023,24.88871232876712,57.066849315068495,868.31,lalitpur,0.3577780763595584,2.088000761571974,-0.9334922285787535,-89.86407917383826,4.012376819330193,5.844509839647329,2.680963554270381,25.241826484018265,1063.6266666666668,37
2024,25.38639344262295,56.64699453551913,1137.65,lalitpur,0.3675198845597553,2.1220004498243954,-0.4358111147229238,179.47592082616188,3.5925220397808246,5.823092362765367,2.088000761571974,25.211647129276145,1106.34,37
2016,26.391229508196723,49.13040983606557,1050.69,lucknow,0.3776881815714447,2.670001308480141,0.5690249508508494,92.51592082616185,-3.9240626596727353,5.418246818785203,2.3689295548137137,26.46884763081069,894.29,38
2017,26.23139726027397,51.59854794520548,1128.51,lucknow,0.3834822465981262,2.580003138087939,0.4091927029280953,170.33592082616178,-1.4559245505328207,3.5684764617225335,2.670001308480141,26.38969750729845,972.3633333333333,38
2018,25.947150684931504,52.35928767123288,1381.52,lucknow,0.3904301012980978,2.730016449328915,0.1249461275856305,423.3459208261618,-0.6951848245054251,5.053590160352673,2.580003138087939,26.18992581780073,1186.9066666666668,38
2019,25.40364383561644,58.92657534246575,1300.6,lucknow,0.3949694271020951,2.6619956539613554,-0.4185607217294347,342.4259208261617,5.872102846727451,9.714922776718502,2.730016449328915,25.860730593607304,1270.21,38
2020,24.76833333333333,59.20180327868852,1021.82,lucknow,0.4297946601332272,2.8280154990552275,-1.0538712240125427,63.64592082616184,6.14733078295022,7.837661215224381,2.6619956539613554,25.373042617960426,1234.6466666666665,38
2021,25.170630136986304,57.92421917808219,1346.25,lucknow,0.4308518453706479,2.704001264068843,-0.6515744203595695,388.0759208261618,4.869746682343887,9.402080310965076,2.8280154990552275,25.114202435312023,1222.89,38
2022,25.45295890410959,59.90339726027398,1071.97,lucknow,0.4301586992679989,2.871995970643258,-0.369245653236284,113.79592082616182,6.848924764535674,8.356129626033576,2.704001264068843,25.13064079147641,1146.68,38
2023,25.545698630136982,56.90852054794521,953.08,lucknow,0.4339503653034212,2.972002015658223,-0.2765059272088912,-5.094079173838168,3.854048052206906,4.181494771154179,2.871995970643258,25.389762557077628,1123.7666666666667,38
2024,25.793032786885245,56.15374316939891,1163.97,lucknow,0.3980492114758588,1.8220008825568927,-0.029171770460628466,205.79592082616182,3.0992706736606053,5.186401652382852,2.972002015658223,25.59723010704394,1063.0066666666667,38
2016,26.10852459016393,54.87248633879782,1249.92,maharajganj,0.4213882375969737,2.7805744147099087,0.2863200328180575,291.74592082616186,1.8180138430595179,5.021793084139194,1.4170029725476485,26.01587873343813,1185.31,39
2017,26.17808219178082,56.84654794520549,1334.48,maharajganj,0.4079178772247549,2.9689973262032088,0.3558776344349468,376.3059208261618,3.792075449467184,7.911012292163749,2.7805744147099087,26.069946552885693,1235.0333333333335,39
2018,25.657890410958903,55.14243835616439,1188.32,maharajganj,0.3765404565890634,2.818000886071636,-0.16431414638697106,230.14592082616173,2.0879658604260882,4.5537392150746765,2.9689973262032088,25.981499064301218,1257.5733333333335,39
2019,25.51317808219178,61.112986301369865,1395.73,maharajganj,0.409474541757476,2.9410033308408674,-0.309026475154095,437.5559208261618,8.058513805631563,12.743099489047275,2.818000886071636,25.7830502283105,1306.1766666666667,39
2020,24.37601092896175,66.85338797814208,1687.7,maharajganj,0.408661836976279,3.1780008492343623,-1.4461936283841226,729.5259208261618,13.798915482403778,22.54036831904952,2.9410033308408674,25.182359807370812,1423.9166666666667,39
2021,24.912328767123288,64.74347945205479,2193.68,maharajganj,0.4335545373114208,3.286003079188701,-0.9098757902225856,1235.5059208261616,11.689006956316483,24.953941954800683,3.1780008492343623,24.933839259425607,1759.0366666666669,39
2022,25.05142465753425,66.32024657534247,1268.46,maharajganj,0.4329152612651509,3.310001230960603,-0.7707798998116253,310.2859208261618,13.265774079604164,17.139413187677405,3.286003079188701,24.77992145120643,1716.6133333333335,39
2023,25.692465753424656,60.29356164383562,1154.73,maharajganj,0.405518054467147,3.36,-0.12973880392121728,196.5559208261618,7.239089148097321,9.334387160280157,3.310001230960603,25.218739726027398,1538.956666666667,39
2024,25.84603825136612,59.77691256830601,1357.3,maharajganj,0.3933723714269059,2.3729986280057505,0.023833694020247265,399.12592082616175,6.722440072567707,10.737532974849572,3.36,25.52997622077501,1260.1633333333332,39
2016,26.73352459016393,50.81300546448088,1065.71,mahoba,0.3011835803067621,1.325203961432747,0.9113200328180575,107.53592082616183,-2.2414670312574216,4.2281462723370975,1.1590616617827183,26.830995171794292,869.9100000000001,40
2017,27.467972602739724,44.75849315068493,558.15,mahoba,0.2928482476628957,0.5698463972575648,1.6457680453938508,-400.02407917383823,-8.295979345053375,13.941988182185607,1.325203961432747,27.043320982109435,765.9900000000001,40
2018,27.028958904109587,47.77953424657534,901.36,mahoba,0.3119999195600675,2.0820911761505823,1.206754346763713,-56.814079173838195,-5.274938249162965,7.04983338766506,0.5698463972575648,27.076818699004416,841.7400000000001,40
2019,26.093780821917807,56.066136986301366,1041.55,mahoba,0.2840641611639352,1.5581683917438411,0.27157626457193373,83.37592082616175,3.0116644905630636,4.116999963396615,2.0820911761505823,26.86357077625571,833.6866666666666,40
2020,25.472076502732243,57.54726775956284,856.91,mahoba,0.3462924913766961,1.237516478569821,-0.3501280546136307,-101.26407917383824,4.49279526382454,5.855564110176553,1.5581683917438411,26.198272076253215,933.2733333333332,40
2021,26.13898630136986,53.65482191780821,958.07,mahoba,0.3521871044789916,1.842102756255557,0.31678174402398795,-0.10407917383815857,0.600349422069911,0.9181719578322806,1.237516478569821,25.901614542006637,952.1766666666666,40
2022,26.19668493150685,56.14002739726028,961.15,mahoba,0.42761018427401,1.9778997767512392,0.3744803741609779,2.9759208261617687,3.0855549015219808,3.4897944839445763,1.842102756255557,25.935915911869653,925.3766666666667,40
2023,26.102958904109588,54.659205479452055,843.45,mahoba,0.3826334539986549,1.7249759641063989,0.2807543467637146,-114.72407917383816,1.6047329837137525,3.0327281222158486,1.9778997767512392,26.146210045662098,920.89,40
2024,26.343360655737705,55.326830601092894,879.41,mahoba,0.361173750345921,0.9764792091726774,0.5211560983918311,-78.76407917383824,2.2723581053545914,3.581154995484805,1.7249759641063989,26.21433483045138,894.6700000000001,40
2016,26.90254098360656,42.884590163934426,764.4,mainpuri,0.3698737465194961,2.9849875315908347,1.0803364262606863,-193.77407917383823,-10.169882331803876,13.187959549802944,3.205279050904436,26.634147204132045,704.035,41
2017,27.12312328767124,40.95868493150685,516.1,mainpuri,0.3480108751650707,3.1570001678697333,1.3009187303253675,-442.0740791738382,-12.09578756423145,17.8174470862952,2.9849875315908347,26.797139231978445,641.39,41
2018,26.3394794520548,47.14824657534247,871.02,mainpuri,0.442259717955261,3.3470017125273768,0.5172748947089261,-87.15407917383823,-5.906225920395833,7.295041606843142,3.1570001678697333,26.78838124111087,717.1733333333333,41
2019,25.91838356164384,51.97983561643836,744.72,mainpuri,0.3651779596592896,3.2529971435918466,0.09617900429796578,-213.45407917383818,-1.0746368792999448,3.3053566753362924,3.3470017125273768,26.460328767123297,710.6133333333333,41
2020,26.02295081967213,47.61412568306011,558.77,mainpuri,0.3716014378653978,3.485938073979989,0.20074626232625548,-399.4040791738382,-5.440346812678193,9.63513386674283,3.2529971435918466,26.09360461112359,724.8366666666667,41
2021,25.921726027397263,50.87495890410959,809.54,mainpuri,0.3979181916768284,3.73899904635696,0.09952147005138912,-148.63407917383824,-2.1795135916287123,3.765375853418484,3.485938073979989,25.954353469571075,704.3433333333334,41
2022,26.068821917808226,53.40246575342466,824.64,mainpuri,0.4275009842970016,3.5969991740846106,0.24661736046235205,-133.53407917383822,0.3479932576863547,1.929951409887089,3.73899904635696,26.004499588292543,730.9833333333332,41
2023,25.78490410958904,52.43624657534247,730.08,mainpuri,0.4449858337785612,3.7880021892388487,-0.03730044775683439,-228.09407917383817,-0.6182259203958296,2.9364671598910457,3.5969991740846106,25.92515068493151,788.0866666666666,41
2024,25.83516393442623,54.18412568306011,989.29,mainpuri,0.4009881857439468,2.330999966634413,0.01295937708035666,31.115920826161755,1.1296531873218072,1.4537717726637813,3.7880021892388487,25.896296653941164,848.0033333333332,41
2016,26.71972677595629,41.09,768.51,mathura,0.2908787022563374,2.85000344113801,0.8975222186104155,-189.66407917383822,-11.964472495738299,14.758635506087096,3.2979979530822248,26.423726401676774,676.365,42
2017,26.708493150684934,39.79241095890411,508.98,mathura,0.3082544011324745,3.650002611920807,0.8862885933390601,-449.1940791738382,-13.262061536834196,18.64029092191164,2.85000344113801,26.518648651346165,620.57,42
2018,26.105753424657536,45.42219178082191,815.37,mathura,0.3839308281362323,3.8260008542694055,0.2835488673116622,-142.8040791738382,-7.632280714916391,9.343870373966435,3.650002611920807,26.51132445043292,697.62,42
2019,25.971342465753427,48.70150684931507,631.85,mathura,0.2899492297044364,3.221997907949791,0.14913790840755325,-326.3240791738382,-4.352965646423236,7.7653443465691705,3.8260008542694055,26.261863013698633,652.0666666666667,42
2020,25.967568306010925,45.66232240437159,483.29,mathura,0.3705804811008164,3.749001977874797,0.14536374866505142,-474.8840791738382,-7.392150091366716,12.286354631770148,3.221997907949791,26.014888065473965,643.5033333333333,42
2021,25.61290410958904,51.205945205479445,844.26,mathura,0.3737009957307575,3.688999849788409,-0.20930044775683498,-113.91407917383822,-1.8485272902588576,3.196968529754075,3.749001977874797,25.850604960451133,653.1333333333333,42
2022,26.13528767123288,51.77284931506849,755.29,mathura,0.3826176419766927,3.736000690446455,0.31308311388700716,-202.88407917383824,-1.2816231806698113,3.623547086295201,3.688999849788409,25.905253362277616,694.2800000000001,42
2023,25.51843835616438,51.870821917808215,756.47,mathura,0.4021322592443797,3.486000493918627,-0.30376620118149233,-201.70407917383818,-1.1836505779300879,3.504457570849962,3.736000690446455,25.75554337899543,785.34,42
2024,25.87669398907104,51.81997267759563,886.06,mathura,0.3439214079325127,2.099997940416242,0.05448943172516607,-72.11407917383826,-1.2344998181426732,2.0101300416062218,3.486000493918627,25.843473338822765,799.2733333333332,42
2017,26.77852054794521,53.15556164383561,815.4,mau,0.3868863483823515,2.572001392742017,0.9563159905993359,-142.77407917383823,0.10108914809730862,2.485145930435027,2.4319946116261018,26.651705629163864,881.675,43
2018,26.576356164383565,50.17334246575343,768.83,mau,0.3144981840635671,2.7550031867431484,0.7541516070376915,-189.34407917383817,-2.881130029984874,5.528722428760947,2.572001392742017,26.626589140903764,844.0600000000001,43
2019,26.2093698630137,57.826493150684925,977.39,mau,0.351043144722495,2.3999957801901024,0.3871653056678248,19.215920826161778,4.772020654946623,5.351345168876065,2.7550031867431484,26.52141552511416,853.8733333333333,43
2020,24.798715846994536,64.90879781420765,1169.77,mau,0.3789473687366133,2.822995640128004,-1.0234887103513373,211.59592082616177,11.854325318469343,14.993773237082298,2.3999957801901024,25.861480624797267,971.9966666666666,43
2021,25.2614794520548,62.387369863013696,1320.8,mau,0.4124497004596975,2.99799723829702,-0.5607251052910733,362.62592082616175,9.332897367275393,13.519881680828084,2.822995640128004,25.423188387354344,1155.9866666666667,43
2022,25.84997260273973,60.16441095890411,813.5,mau,0.3702888989772384,3.3220003161722085,0.0277680453938558,-144.6740791738382,7.109938463165804,8.584447300298041,2.99799723829702,25.303389300596354,1101.3566666666666,43
2023,26.592712328767124,53.91712328767123,715.82,mau,0.4122089379904821,3.0529949976484674,0.7705077714212507,-242.35407917383816,0.8626507919329285,4.056699355092561,3.3220003161722085,25.90138812785388,950.04,43
2024,26.504972677595628,55.81844262295082,893.27,mau,0.3859876349529945,2.0869953836608937,0.6827681202497544,-64.90407917383823,2.7639701272125166,4.095779039200654,3.0529949976484674,26.315885869700825,807.5300000000001,43
2016,26.06122950819672,39.60122950819672,658.41,meerut,0.4320057910100738,3.722003591017537,0.23902495085084752,-299.76407917383824,-13.453242987541586,16.689908730130817,3.6080049619625054,25.499601055468226,760.4300000000001,44
2017,25.61068493150685,43.31172602739726,655.45,meerut,0.5072952647416813,3.703002979860255,-0.21151962583902417,-302.72407917383816,-9.74274646834104,12.981506885918446,3.722003591017537,25.536629014147763,725.4366666666666,44
2018,25.093342465753423,48.15739726027397,840.51,meerut,0.4804215583145853,3.5860014807221368,-0.7288620915924504,-117.66407917383822,-4.897075235464335,6.802578118795168,3.703002979860255,25.588418968485666,718.1233333333333,44
2019,25.157232876712328,50.07378082191781,639.66,meerut,0.4435602331723269,3.667001543701453,-0.6649716806335455,-318.51407917383824,-2.9806916738204947,6.830804146192422,3.5860014807221368,25.287086757990867,711.8733333333333,44
2020,24.59549180327869,51.44505464480874,745.8100000000001,meerut,0.4663369619151539,4.079997537400726,-1.226712754067183,-212.36407917383815,-1.6094178509295602,4.959771396735125,3.667001543701453,24.948689048581482,741.9933333333333,44
2021,24.41156164383561,54.71969863013698,1124.21,meerut,0.4486434701425503,4.209002026794478,-1.4106429135102623,166.03592082616183,1.6652261343986794,4.73622825617056,4.079997537400726,24.721428774608878,836.5600000000001,44
2022,25.049561643835617,55.78082191780822,857.4,meerut,0.4358271135777734,4.13000409018866,-0.772642913510257,-100.77407917383823,2.726349422069916,4.506733127318555,4.209002026794478,24.68553836364997,909.14,44
2023,24.28490410958904,57.17380821917808,1007.27,meerut,0.4804383327978949,4.291995505148173,-1.5373004477568344,49.09592082616177,4.119335723439775,6.147595379458227,4.13000409018866,24.582009132420087,996.2933333333334,44
2024,25.159726775956283,52.668907103825134,927.64,meerut,0.4527272346045539,3.222999263855295,-0.6624777813895903,-30.534079173838222,-0.3855653919131683,1.3533839650411408,4.291995505148173,24.831397509793646,930.7700000000001,44
2016,26.53893442622951,53.92169398907104,1197.13,mirzapur,0.3758920828010195,2.034762627956056,0.7167298688836361,238.9559208261619,0.8672214933327353,3.9735105704779903,1.5910923426296857,26.648576802155855,988.625,45
2017,26.91372602739726,51.031150684931504,733.02,mirzapur,0.3434859236524724,1.9041498916073087,1.0915214700513864,-225.15407917383823,-2.0233218108067987,5.366384072596567,2.034762627956056,26.73695987723632,903.4233333333333,45
2018,26.845698630136987,48.74331506849315,828.39,mirzapur,0.3393400406832875,1.9717285094554184,1.023494072791113,-129.78407917383822,-4.311157427245149,6.6324922917746445,1.9041498916073087,26.766119694587918,919.5133333333333,45
2019,26.2572602739726,55.95504109589041,1066.74,mirzapur,0.322963383972362,1.9905280706784323,0.43505571662672793,108.5659208261618,2.9005686001521056,4.421283525040452,1.9717285094554184,26.67222831050228,876.0500000000001,45
2020,24.909726775956287,63.59912568306011,1083.57,mirzapur,0.3726821327827069,2.314864962263568,-0.9124777813895868,125.39592082616173,10.544653187321806,12.711090176973011,1.9905280706784323,26.004228560021957,992.9,45
2021,25.727726027397264,56.76761643835616,983.49,mirzapur,0.3449251746303192,2.45792527741016,-0.09447852994860995,25.3159208261618,3.7131439426178545,4.060781680828082,2.314864962263568,25.631571025775383,1044.6000000000001,45
2022,26.18394520547945,55.14986301369864,906.53,mirzapur,0.3488405829274186,2.623419160191767,0.3617406481335763,-51.644079173838236,2.0953905179603396,2.973571957832298,2.45792527741016,25.607132669611,991.1966666666667,45
2023,26.32043835616438,54.184356164383566,812.74,mirzapur,0.3614463419345244,2.5469804162821696,0.49823379881850727,-145.4340791738382,1.1298836686452631,3.082458259202152,2.623419160191767,26.077369863013697,900.9200000000001,45
2024,26.3088524590164,56.36401639344262,1011.81,mirzapur,0.3443879614391976,1.7768433683482647,0.4866479016705263,53.63592082616174,3.309543897704316,4.332551007636459,2.5469804162821696,26.271078673553408,910.36,45
2016,25.915109289617487,43.59,797.6,moradabad,0.3959665619724932,3.034998233188404,0.092904732271613,-160.5740791738382,-9.464472495738299,11.163118019748294,2.8069980254783453,25.46406149412381,908.9300000000001,46
2017,25.786109589041097,46.7321095890411,795.24,moradabad,0.3862285899602785,2.937999135842626,-0.0360949683047771,-162.9340791738382,-6.322362906697201,7.98779866674036,3.034998233188404,25.571410859096243,871.0333333333333,46
2018,25.23717808219178,50.30378082191781,972.38,moradabad,0.4492046707014767,3.2250019950522706,-0.5850264751540948,14.205920826161787,-2.7506916738204907,3.4777773572362034,2.937999135842626,25.646132320283456,855.0733333333334,46
2019,25.25756164383562,51.776739726027394,772.49,moradabad,0.4113663772910046,2.9880014064285505,-0.5646429135102551,-185.6840791738382,-1.2777327697109087,3.6992164749595458,3.2250019950522706,25.426949771689497,846.7033333333334,46
2020,24.589590163934428,53.554180327868856,848.64,moradabad,0.4329567998664875,3.126000193791531,-1.2326143934114455,-109.53407917383822,0.4997078321305537,2.8276630172803814,2.9880014064285505,25.028109963320606,864.5033333333332,46
2021,24.61942465753425,54.91986301369863,1161.95,moradabad,0.4390974060616931,3.179999380274125,-1.202779899811624,203.77592082616184,1.8653905179603285,5.105929626033571,3.126000193791531,24.822192155101433,927.6933333333333,46
2022,25.222794520547943,57.27715068493151,890.72,moradabad,0.4536896789133311,3.065998985801217,-0.5994100367979307,-67.45407917383818,4.222678189193211,5.496629017729523,3.179999380274125,24.81060311400554,967.1033333333335,46
2023,24.63942465753425,57.94202739726028,1093.56,moradabad,0.4784790098119759,3.231998557589864,-1.1827798998116243,135.38592082616174,4.88755490152198,7.424194009595222,3.065998985801217,24.827214611872147,1048.7433333333336,46
2024,25.329016393442625,54.248715846994536,1009.17,moradabad,0.4016786866985077,1.611002028928595,-0.49318816390324827,50.99592082616175,1.1942433512562332,2.197390723421099,3.231998557589864,25.06374519050827,997.8166666666666,46
2016,25.84740437158469,41.059043715847,725.97,muzaffarnagar,0.4567564909986912,3.2389983077375324,0.025199814238817453,-232.20407917383818,-11.995428779891306,14.342669385868504,3.357998886297424,25.21100355565536,872.01,47
2017,25.34375342465753,45.43183561643836,751.24,muzaffarnagar,0.541890565977341,3.292999923412729,-0.4784511326883454,-206.9340791738382,-7.6226368792999395,10.170428803726667,3.2389983077375324,25.255253511989412,831.7533333333334,47
2018,24.71841095890411,50.21983561643836,927.0,muzaffarnagar,0.5175791108300452,3.284003644409736,-1.103793598441765,-31.17407917383821,-2.834636879299943,4.25017126948009,3.292999923412729,25.303189585048774,801.4033333333333,47
2019,24.761150684931508,51.9112602739726,746.6,muzaffarnagar,0.4697727961833657,3.437000209649885,-1.0610538724143659,-211.5740791738382,-1.143212221765701,4.320006885918449,3.284003644409736,24.94110502283105,808.2800000000001,47
2020,23.993715846994537,54.67352459016393,952.28,muzaffarnagar,0.4916810633077215,3.3757661789925413,-1.828488710351337,-5.894079173838236,1.6190520944256264,3.5064815965153455,3.437000209649885,24.491092496943384,875.2933333333334,47
2021,24.218356164383565,55.38084931506849,1253.4,muzaffarnagar,0.4652277225481881,3.929999028698232,-1.603848392962309,295.2259208261619,2.3263768193301857,6.882484420554114,3.3757661789925413,24.32440756543654,984.0933333333334,47
2022,24.56082191780822,59.02186301369863,1064.47,muzaffarnagar,0.4700895770622178,3.6480016703922966,-1.2613826395376542,106.29592082616182,5.967390517960325,8.291732365759596,3.929999028698232,24.257631309728776,1090.0500000000002,47
2023,23.880520547945203,60.00243835616438,1232.28,muzaffarnagar,0.5058997016185977,3.709996810376907,-1.9416840094006709,274.10592082616176,6.9479658604260806,11.630709078088369,3.6480016703922966,24.219899543378997,1183.3833333333334,47
2024,24.87177595628416,54.64024590163935,1093.04,muzaffarnagar,0.4768999065368614,2.8090001648846443,-0.9504286010617129,134.86592082616176,1.585773405901044,3.884861215224374,3.709996810376907,24.437706140679193,1129.93,47
2016,25.7286612021858,49.661147540983606,1169.64,pilibhit,0.3847803903485308,3.325999266593326,-0.0935433551600724,211.4659208261619,-3.3933249547546964,5.601527518176388,3.2949980643171632,25.42430320383263,1195.615,48
2017,25.71750684931507,51.53,1071.0,pilibhit,0.4166937927384486,3.6959979347429135,-0.10469770803080536,112.82592082616179,-1.5244724957383013,2.7574294120307243,3.325999266593326,25.52203775232677,1154.0766666666666,48
2018,25.19739726027397,54.00676712328767,1392.52,pilibhit,0.4667028051190175,3.642002386865787,-0.6248072970719036,434.3459208261618,0.9522946275493709,5.920561132882892,3.6959979347429135,25.547855103924945,1211.0533333333335,48
2019,24.967013698630133,57.59819178082192,1126.93,pilibhit,0.4541960659021536,3.3789989468572834,-0.8551908587157406,168.75592082616186,4.543719285083618,7.086469352060978,3.642002386865787,25.293972602739725,1196.8166666666666,48
2020,24.05344262295082,60.31978142076503,1472.1,pilibhit,0.4452879847881899,3.786000814294201,-1.7687619343950551,513.9259208261617,7.26530892502673,14.173330067683402,3.3789989468572834,24.739284527284976,1330.5166666666667,48
2021,24.55112328767123,58.32646575342466,1386.03,pilibhit,0.4489067312068657,3.828998630446634,-1.2710812696746423,427.85592082616176,5.271993257686354,10.821633735622614,3.786000814294201,24.523859869750726,1328.3533333333332,48
2022,24.99567123287672,61.34367123287671,1094.06,pilibhit,0.4602496559557328,3.610999912339655,-0.8265333244691533,135.88592082616174,8.289198737138406,10.474591269869176,3.828998630446634,24.533412381166258,1317.3966666666668,48
2023,24.75884931506849,59.95112328767123,1148.26,pilibhit,0.4920662133595253,3.661003484320557,-1.0633552422773853,190.08592082616178,6.896650791932927,9.860865242471931,3.610999912339655,24.76854794520548,1209.45,48
2024,25.32139344262295,56.66724043715847,1146.0,pilibhit,0.4051212343000369,2.5650002762736213,-0.500811114722925,187.8259208261618,3.6127679414201666,5.991838264404709,3.661003484320557,25.025304663522718,1129.4399999999998,48
2016,26.41554644808744,52.466830601092894,1010.21,pratapgarh,0.4119871556269987,2.44397827562797,0.5933418907415664,52.03592082616183,-0.5876418946454081,1.7013429936485926,2.039001614098772,26.70745815555057,843.885,49
2017,26.59994520547945,51.53320547945205,879.9,pratapgarh,0.3648709391454608,2.3219594958526337,0.7777406481335767,-78.27407917383823,-1.5212670162862523,3.0817484561582114,2.44397827562797,26.671620505526864,855.89,49
2018,26.55120547945205,49.99435616438356,882.78,pratapgarh,0.4461153380728471,2.7185880231914936,0.7290009221061773,-75.39407917383824,-3.0601163313547417,4.5430580451993015,2.3219594958526337,26.52223237767298,924.2966666666666,49
2019,25.900109589041097,57.78232876712329,1130.21,pratapgarh,0.3746697550252237,2.380994420266365,0.07790503169522367,172.03592082616183,4.7278562713849865,6.526120511341828,2.7185880231914936,26.3504200913242,964.2966666666666,49
2020,24.705765027322403,62.425683060109286,1062.52,pratapgarh,0.4165052552769551,2.8119392684610074,-1.1164395300234702,104.34592082616177,9.371210564370983,11.531109302656072,2.380994420266365,25.71902669860518,1025.1699999999998,49
2021,25.32323287671233,58.91295890410959,1192.51,pratapgarh,0.4220030949871139,2.9338835754084807,-0.49897168063354513,234.33592082616178,5.858486408371284,8.700817297266447,2.8119392684610074,25.309702497691944,1128.4133333333332,49
2022,25.836986301369866,57.83345205479452,897.29,pratapgarh,0.4044264896991096,2.8159970547529607,0.014781744023991905,-60.884079173838245,4.778979559056218,5.402602094818592,2.9338835754084807,25.288661401801534,1050.7733333333333,49
2023,26.079260273972604,54.74950684931507,824.17,pratapgarh,0.4326112970800739,2.8120002164882894,0.25705571662673066,-134.00407917383825,1.6950343535767658,3.292130861941879,2.8159970547529607,25.746493150684937,971.3233333333333,49
2024,26.32114754098361,54.43573770491803,863.53,pratapgarh,0.4296571162054683,1.3849612447857278,0.49894298363773615,-94.64407917383824,1.3812652091797304,2.826648984555849,2.8120002164882894,26.07913137210869,861.6633333333333,49
2016,25.915109289617487,43.59,797.6,rampur,0.3979784515133061,3.222997882186838,0.092904732271613,-160.5740791738382,-9.464472495738299,11.163118019748294,3.045000783124088,25.46406149412381,908.9300000000001,50
2017,25.786109589041097,46.7321095890411,795.24,rampur,0.3747938363423225,3.3809705275908297,-0.0360949683047771,-162.9340791738382,-6.322362906697201,7.98779866674036,3.222997882186838,25.571410859096243,871.0333333333333,50
2018,25.23717808219178,50.30378082191781,972.38,rampur,0.4565056891154684,3.464996940227529,-0.5850264751540948,14.205920826161787,-2.7506916738204907,3.4777773572362034,3.3809705275908297,25.646132320283456,855.0733333333334,50
2019,25.25756164383562,51.776739726027394,772.49,rampur,0.4346642492477929,3.269998990884322,-0.5646429135102551,-185.6840791738382,-1.2777327697109087,3.6992164749595458,3.464996940227529,25.426949771689497,846.7033333333334,50
2020,24.589590163934428,53.554180327868856,848.64,rampur,0.4121349307653594,3.3969999171247824,-1.2326143934114455,-109.53407917383822,0.4997078321305537,2.8276630172803814,3.269998990884322,25.028109963320606,864.5033333333332,50
2021,24.61942465753425,54.91986301369863,1161.95,rampur,0.4263674765016983,3.4990005136249427,-1.202779899811624,203.77592082616184,1.8653905179603285,5.105929626033571,3.3969999171247824,24.822192155101433,927.6933333333333,50
2022,25.222794520547943,57.27715068493151,890.72,rampur,0.4450615383204159,3.4719993158397355,-0.5994100367979307,-67.45407917383818,4.222678189193211,5.496629017729523,3.4990005136249427,24.81060311400554,967.1033333333335,50
2023,24.63942465753425,57.94202739726028,1093.56,rampur,0.4786458524747142,3.450002376474263,-1.1827798998116243,135.38592082616174,4.88755490152198,7.424194009595222,3.4719993158397355,24.827214611872147,1048.7433333333336,50
2024,25.329016393442625,54.248715846994536,1009.17,rampur,0.3744204960742758,1.7899977003097818,-0.49318816390324827,50.99592082616175,1.1942433512562332,2.197390723421099,3.450002376474263,25.06374519050827,997.8166666666666,50
2017,24.650931506849314,50.33665753424658,1141.74,saharanpur,0.486336945907936,2.8849970051303417,-1.1712730504965592,183.5659208261618,-2.717814961491726,5.7247472202499035,2.938998564878015,24.98343023429897,1036.74,51
2018,24.12591780821917,53.657972602739726,1265.53,saharanpur,0.4988690563254886,2.9630014997452587,-1.6962867491267026,307.35592082616176,0.6035001070014232,5.373346064389743,2.8849970051303417,24.697592758939038,1113.0033333333333,51
2019,24.11123287671233,54.72402739726027,993.15,saharanpur,0.4506260260353373,3.051998330654685,-1.7109716806335449,34.97592082616177,1.6695549015219697,3.730285790417132,2.9630014997452587,24.29602739726027,1133.4733333333334,51
2020,23.41172131147541,56.82191256830601,1221.04,saharanpur,0.4861217413703921,3.0,-2.410483245870463,262.86592082616176,3.767440072567709,8.806582526699788,3.051998330654685,23.882957332135636,1159.9066666666665,51
2021,23.94068493150685,55.73027397260274,1466.09,saharanpur,0.4810959307923887,3.475999715762733,-1.8815196258390223,507.9159208261617,2.675801476864436,9.636480310965077,3.0,23.821213039898197,1226.76,51
2022,24.05835616438356,61.95621917808219,1429.2,saharanpur,0.4829189735001805,3.389002939181551,-1.7638483929623128,471.02592082616184,8.90174668234389,15.375854283567822,3.475999715762733,23.80358746912194,1372.11,51
2023,23.50868493150685,61.999835616438354,1534.21,saharanpur,0.5074505518691943,3.465000366488309,-2.3135196258390245,576.0359208261618,8.945363120700051,17.019241954800695,3.389002939181551,23.835908675799086,1476.5,51
2024,24.534180327868853,55.97860655737704,1286.13,saharanpur,0.4790569226056478,2.05499646595537,-1.2880242294770206,327.9559208261619,2.924134061638739,7.491717499377378,3.465000366488309,24.03374047458642,1416.5133333333333,51
2016,26.0274043715847,47.71622950819672,1040.35,shahjahanpur,0.329199439730132,3.4420002375579046,0.20519981423882783,82.1759208261617,-5.338242987541584,6.365202010042029,3.5,25.775072048806052,1049.58,52
2017,26.05764383561644,48.71638356164384,884.46,shahjahanpur,0.3573986290196245,3.604002816051493,0.2354392782705652,-73.71407917383817,-4.338088934094465,5.310669004103412,3.4420002375579046,25.869262644409513,994.54,52
2018,25.540027397260275,52.16646575342465,1228.87,shahjahanpur,0.4191273020860181,3.6049982672253553,-0.2821771600855989,270.6959208261617,-0.8880067423136495,3.877143110660865,3.604002816051493,25.875025201487137,1051.2266666666667,52
2019,25.28120547945205,55.772082191780825,991.63,shahjahanpur,0.4003371479803556,3.5779983948883367,-0.5409990778938223,33.45592082616179,2.7176096960425227,3.5931679821979627,3.6049982672253553,25.62629223744292,1034.9866666666667,52
2020,24.70191256830601,55.891912568306005,1004.96,shahjahanpur,0.3690343840345883,3.6009993748898044,-1.1202919890398633,46.78592082616183,2.837440072567702,4.425591269869184,3.5779983948883367,25.174381815006114,1075.1533333333334,52
2021,24.89008219178082,56.4801095890411,1122.35,shahjahanpur,0.4041421818933908,3.802998924043977,-0.9321223655650535,164.1759208261617,3.4256370933027966,5.999518667129467,3.6009993748898044,24.95773341317963,1039.6466666666668,52
2022,25.383917808219177,58.10723287671232,1005.78,shahjahanpur,0.4275091227791898,3.6310005411603536,-0.4382867491266964,47.605920826161764,5.052760380974014,5.967106338362329,3.802998924043977,24.991970856102,1044.3633333333335,52
2023,25.168657534246574,56.58745205479452,975.84,shahjahanpur,0.4396175045196467,3.662000470145746,-0.6535470230992999,17.665920826161823,3.5329795590562156,4.363185790417134,3.6310005411603536,25.147552511415523,1034.6566666666665,52
2024,25.548743169398907,54.92284153005464,1011.3,shahjahanpur,0.3603539188150175,1.9849997312467849,-0.2734613879469663,53.125920826161746,1.8683690343163377,2.673089630524921,3.662000470145746,25.367106170621554,997.64,52
2016,26.12726775956284,51.41265027322404,1371.07,shravasti,0.4458194625719974,2.6229931879642625,0.30506320221696726,412.8959208261617,-1.6418222225142642,6.075844632992848,2.2709978349465105,25.98864757841156,1242.17,53
2017,26.042410958904107,54.00405479452055,1365.72,shravasti,0.4011482887581139,2.314007062384396,0.220206401558233,407.5459208261618,0.9495822987822464,5.2452479086020976,2.6229931879642625,26.00656870524241,1283.3533333333332,53
2018,25.53030136986301,54.49030136986301,1565.04,shravasti,0.4120388440444615,2.668993266546231,-0.2919031874828626,606.8659208261618,1.4358288741247094,7.79639126986919,2.314007062384396,25.899993362776655,1433.9433333333334,53
2019,25.23506849315068,59.99158904109589,1508.35,shravasti,0.4324158244046032,2.670888682936876,-0.5871360641951924,550.1759208261617,6.93711654535759,13.0260118178144,2.668993266546231,25.602593607305934,1479.7033333333336,53
2020,24.510027322404373,61.70521857923497,1371.43,shravasti,0.4394230056316555,2.7160077687356545,-1.312177234941501,413.25592082616186,8.65074608349667,14.09548252669979,2.670888682936876,25.091799061806018,1481.6066666666666,53
2021,24.755260273972603,61.77501369863014,2020.49,shravasti,0.4214531052970368,2.9539937149069897,-1.066944283373271,1062.3159208261618,8.720541202891837,20.410644694526727,2.7160077687356545,24.83345202984255,1633.4233333333334,53
2022,25.11791780821918,63.33704109589041,1290.7,shravasti,0.4130722145964443,2.6889961904463293,-0.7042867491266946,332.52592082616184,10.28256860015211,14.312114557540424,2.9539937149069897,24.79440180153205,1560.8733333333332,53
2023,25.368136986301373,59.445068493150686,1211.82,shravasti,0.4114782654817066,3.0509953755921497,-0.4540675710445008,253.64592082616173,6.390595997412383,9.3811227767185,2.6889961904463293,25.080438356164382,1507.67,53
2024,25.665300546448087,57.65103825136612,1437.91,shravasti,0.3839199549761031,2.676006748331255,-0.1569040108977866,479.7359208261619,4.5965657556278146,9.550828974787219,3.0509953755921497,25.383785113656213,1313.4766666666667,53
2016,26.364043715847,47.44959016393442,976.24,sitapur,0.3784431194108799,2.7364138544911905,0.5418391585011264,18.0659208261618,-5.604882331803886,6.32738069856663,2.3930024088773054,26.25074788532076,884.245,54
2017,26.20783561643836,49.55479452054794,974.93,sitapur,0.4074277630802056,2.7678495695322107,0.38563105909248563,16.75592082616174,-3.499677975190366,4.052868242544469,2.7364138544911905,26.236443795693294,914.4733333333334,54
2018,25.82013698630137,51.779753424657535,1260.38,sitapur,0.4397167623905886,2.932000375145704,-0.002067571044502614,302.2059208261619,-1.2747190710807672,4.298845850386889,2.7678495695322107,26.130672106195576,1070.5166666666667,54
2019,25.25709589041096,57.92832876712329,1153.55,sitapur,0.4252095318430428,2.647000236711761,-0.5651086669349148,195.37592082616175,4.873856271384987,7.39272414658152,2.932000375145704,25.761689497716898,1129.6200000000001,54
2020,24.836557377049186,56.700710382513655,932.24,sitapur,0.4278945912242831,3.06500170426804,-0.985647180296688,-25.9340791738382,3.646237886775353,4.891225858810422,2.647000236711761,25.30459675125384,1115.39,54
2021,25.20010958904109,55.93764383561644,1106.72,sitapur,0.4362101055005976,3.159997961632362,-0.6220949683047827,148.54592082616182,2.883171339878139,4.99072551644454,3.06500170426804,25.097920952167076,1064.17,54
2022,25.42109589041096,59.00575342465753,1143.15,sitapur,0.4331031844366185,3.182000415063014,-0.4011086669349133,184.97592082616188,5.951280928919225,8.202148804115756,3.159997961632362,25.152587618833746,1060.7033333333334,54
2023,25.42739726027397,56.21372602739726,928.29,sitapur,0.4661711062966364,3.089000246524946,-0.3948072970719032,-29.884079173838245,3.1592535316589547,3.8529016204692406,3.182000415063014,25.34953424657534,1059.3866666666665,54
2024,25.738060109289616,54.825437158469946,953.36,sitapur,0.4252932093826101,1.7849958068767222,-0.0841444480562572,-4.814079173838195,1.770964662731643,1.9032499025262823,3.089000246524946,25.528851086658182,1008.2666666666668,54
2017,26.35301369863014,53.83808219178083,810.27,sonbhadra,0.3607762614030834,1.5902311539674672,0.5308091412842657,-147.90407917383823,0.7836096960425252,2.793459629065173,1.2944619281547436,26.254239089752225,1005.915,55
2018,26.38572602739726,49.94706849315069,842.54,sonbhadra,0.3512750339829306,1.5055906354234407,0.5635214700513878,-115.63407917383824,-3.1074040025876144,4.827266264377385,1.5902311539674672,26.29806806896724,951.4566666666666,55
2019,25.915397260273974,56.57967123287672,1037.25,sonbhadra,0.3365752639186893,1.9036901150074084,0.09319270292809989,79.07592082616179,3.5251987371384175,4.4091506483281355,1.5055906354234407,26.21804566210046,896.6866666666666,55
2020,24.449890710382512,65.47027322404371,1247.4,sonbhadra,0.4303786737410741,1.7230672206558837,-1.3723138469633618,289.2259208261619,12.415800728305406,16.680373783530385,1.9036901150074084,25.583671332684585,1042.3966666666668,55
2021,25.21849315068493,59.1865205479452,1070.31,sonbhadra,0.3805731038750282,1.888015576713528,-0.6037114066609419,112.13592082616174,6.132048052206898,7.857118667129457,1.7230672206558837,25.194593707113807,1118.32,55
2022,25.8078904109589,55.4702191780822,868.98,sonbhadra,0.3583499355545514,2.139369834522268,-0.014314146386972482,-89.19407917383819,2.415746682343901,3.3220016204692553,1.888015576713528,25.158758090675448,1062.23,55
2023,26.00517808219178,54.24646575342466,826.77,sonbhadra,0.3548466758223105,2.34883238552884,0.1829735248459059,-131.40407917383823,1.191993257686356,2.689007574270644,2.139369834522268,25.677187214611873,922.02,55
2024,25.99710382513661,57.730382513661205,1059.52,sonbhadra,0.3832451266053644,2.0352835314679263,0.17489926779073528,101.34592082616177,4.675910017922902,5.864268493975255,2.34883238552884,25.936724106095763,918.4233333333333,55
2016,26.335601092896173,51.55437158469946,1035.79,sultanpur,0.4132516011881685,2.726933909068431,0.5133965355502994,77.61592082616176,-1.5001009110388424,2.7896566548507593,2.5799907847511885,26.534732053297404,886.95,56
2017,26.32841095890411,52.73402739726028,1031.77,sultanpur,0.3775495455133489,2.794979848269322,0.5062064015582379,73.59592082616177,-0.32044509847802516,1.5626107082978808,2.726933909068431,26.465958355166304,935.2233333333334,56
2018,26.11068493150685,52.235452054794514,1075.6,sultanpur,0.4081406513594038,2.8219951504710887,0.2884803741609758,117.4259208261617,-0.8190204409437882,2.281760023366381,2.794979848269322,26.258232327769047,1047.72,56
2019,25.64254794520548,58.87602739726027,1211.41,sultanpur,0.3863417787369248,2.729910621983566,-0.17965661214039486,253.23592082616187,5.821554901521971,8.533570721923985,2.8219951504710887,26.02721461187215,1106.26,56
2020,24.514125683060108,62.87101092896175,1157.7,sultanpur,0.4150317357390315,3.167885544911224,-1.3080788742857656,199.52592082616184,9.81653843322345,13.119876515770834,2.729910621983566,25.42245285325748,1148.2366666666667,56
2021,25.03528767123288,60.32024657534247,1429.44,sultanpur,0.4292844660559606,3.1880022246514392,-0.7869168861129943,471.26592082616185,7.265774079604171,12.765350173978783,3.167885544911224,25.06398709983282,1266.1833333333334,56
2022,25.48358904109589,60.37545205479452,977.49,sultanpur,0.4233267069079488,3.1139966176512743,-0.338615516249984,19.3159208261618,7.320979559056219,7.852754283567822,3.1880022246514392,25.01100079846296,1188.21,56
2023,25.77717808219178,56.40931506849316,897.22,sultanpur,0.4350577699000985,2.458004796163069,-0.04502647515409208,-60.95407917383818,3.3548425727548548,4.009409839647328,3.1139966176512743,25.432018264840185,1101.3833333333334,56
2024,26.00333333333333,55.929125683060114,985.89,sultanpur,0.4148258487247088,2.290004314684309,0.1811287759874567,27.715920826161778,2.8746531873218117,3.3329411715708863,2.458004796163069,25.754700152207004,953.5333333333333,56
2016,26.754890710382515,46.89322404371584,829.37,unnao,0.3662202274387391,2.8628767491926803,0.9326861530366415,-128.8040791738382,-6.161248452022463,8.381975396797486,2.380901832490677,26.8930891908077,683.105,57
2017,26.780712328767127,47.40775342465754,859.0,unnao,0.366656168677768,2.6489993898179183,0.9585077714212531,-99.17407917383821,-5.64671907108076,7.596967634240395,2.8628767491926803,26.855630236794173,741.7366666666667,57
2018,26.43156164383561,49.60912328767124,1124.38,unnao,0.4053412586602066,2.9569895251877885,0.6093570864897373,166.2059208261619,-3.4453492080670642,5.71676550281842,2.6489993898179183,26.655721560995087,937.5833333333334,57
2019,25.61068493150685,57.370794520547946,1072.93,unnao,0.3819912413995931,2.759905056742112,-0.21151962583902417,114.75592082616186,4.316322024809644,5.675400858910287,2.9569895251877885,26.274319634703193,1018.7700000000001,57
2020,25.1072131147541,57.07841530054645,909.03,unnao,0.4135763301092866,2.9650016733601072,-0.7149914425917743,-49.144079173838236,4.023942804808151,5.230375039138307,2.759905056742112,25.71648656336552,1035.4466666666667,57
2021,25.615232876712327,54.86591780821918,1049.54,unnao,0.4252705788085191,2.983980790242241,-0.2069716806335471,91.36592082616176,1.8114453124808776,2.9320762013760424,2.9650016733601072,25.444376974324427,1010.5,57
2022,25.75728767123288,57.56090410958904,1022.08,unnao,0.4171492878698979,2.85700066218822,-0.06491688611299296,63.90592082616183,4.5064316138507365,5.210407708225348,2.983980790242241,25.4932445542331,993.5500000000001,57
2023,25.78276712328767,55.0450410958904,862.78,unnao,0.4080151059809934,3.047998278979137,-0.03943743405820399,-95.39407917383824,1.9905686001520948,2.983946825948681,2.85700066218822,25.71842922374429,978.1333333333332,57
2024,26.25013661202185,52.99724043715848,773.61,unnao,0.3810645304518869,2.00699870059378,0.4279320546759777,-184.5640791738382,-0.057232058579820944,2.3308049049941806,3.047998278979137,25.930063802180797,886.1566666666668,57
2017,27.14452054794521,51.194,765.5,varanasi,0.3485825848612366,2.541572357489566,1.3223159905993356,-192.6740791738382,-1.8604724957382999,5.1095292780760175,2.534661846145017,26.953626394191183,902.375,58
2018,27.03956164383562,48.42309589041096,761.7,varanasi,0.3128425389144947,2.822997934832492,1.217357086489745,-196.47407917383816,-4.63137660532734,7.813474483555466,2.541572357489566,26.982271477405998,855.4833333333332,58
2019,26.474246575342463,56.47682191780822,1059.67,varanasi,0.349886126724685,2.512917676226968,0.6520420179965889,101.49592082616186,3.422349422069921,5.089350648328129,2.822997934832492,26.886109589041098,862.29,58
2020,25.216803278688527,62.67448087431694,1040.55,varanasi,0.3766539188775955,2.802964242235497,-0.6054012786573466,82.37592082616175,9.620008378578639,11.049168865497602,2.512917676226968,26.24353716595554,953.9733333333334,58
2021,25.773890410958906,58.47260273972603,1114.41,varanasi,0.3957905628482611,3.022281281425083,-0.04831414638696785,156.23592082616187,5.418130243987726,7.028803598636312,2.802964242235497,25.82164675499663,1071.5433333333333,58
2022,26.313726027397266,56.56161643835617,845.88,varanasi,0.3629016752030536,3.0788178753317554,0.49152147005139213,-112.29407917383821,3.5071439426178657,5.12160620440764,3.022281281425083,25.768139905681565,1000.2800000000001,58
2023,26.70917808219178,53.26293150684932,778.13,varanasi,0.4089526515275866,2.7227337569705616,0.8869735248459065,-180.0440791738382,0.2084590111110174,2.8958733276953064,3.0788178753317554,26.265598173515983,912.8066666666667,58
2024,26.640054644808743,55.44133879781421,919.94,varanasi,0.3800465518721074,1.8509990235655889,0.8178500874628689,-38.234079173838154,2.3868663020759087,3.5870571812771592,2.7227337569705616,26.554319584799263,847.9833333333332,58
